,Place_name,City,State,Walk Score,Transit Score,Bike Score,Population_2021,Population_2022_Census,City_Population_Stats_adjusted_land_area__acres_,City_Population_Stats_density__people_acre_,City_Population_Stats_density_classification,City_Population_Stats_2000_population,City_Population_Stats_population_growth,City_Population_Stats_population_growth_classification,Parkland_Stats_by_City_total_acres,Parkland_Stats_by_City__natural,Parkland_Stats_by_City__designed,Parkland_Stats_by_City_total_park_units,Parkland_Stats_by_City_parks_as__city_area,Walkable_Park_Access_all_residents,Walkable_Park_Access_black,Walkable_Park_Access_hispanic_latinx,Walkable_Park_Access_asian,Walkable_Park_Access_other_race,Walkable_Park_Access_multiple_races,Walkable_Park_Access_pacific_islander,Walkable_Park_Access_american_indian_alaska_native,Walkable_Park_Access_all_people_of_color,Walkable_Park_Access_white,Walkable_Park_Access_low__75_city_income_,Walkable_Park_Access_middle,Walkable_Park_Access_high__125_city_median_income_,Walkable_Park_Access_children__u19_,Walkable_Park_Access_adults__19_64_,Walkable_Park_Access_seniors__65_,Distribution_of_Park_Space_low_income,Distribution_of_Park_Space_high_income,Distribution_of_Park_Space_black,Distribution_of_Park_Space_hispanic_latnix,Distribution_of_Park_Space_asian,Distribution_of_Park_Space_other_race,Distribution_of_Park_Space_multiple_races,Distribution_of_Park_Space_pacific_islander,Distribution_of_Park_Space_american_indian_alaska_native,Distribution_of_Park_Space_white,Distribution_of_Park_Space_neighborhoods_of_color,Number_of_Fields_and_Diamonds,Number_of_Courts,Number_of_Tennis_courts,Number_of_Pickleball_courts,Number_of_Pickleball_courts_overlay_tennis,Number_of_Standalone_Pickleball,Number_of_Volleyball_nets,Number_of_basketball_hoops_at_park_sites,Number_of_basketball_hoops_at_community_schoolyards,Number_of_Beaches,Number_of_Community_Garden_Sites,Number_of_Community_Garden_Plots,Number_of_Cooling_Centers,Number_of_Dog_Parks,Number_of_Drinking_fountains,Number_of_Playgrounds,Number_of_Rec_Centers,Number_of_senior_centers,Number_of_Restrooms_Freestanding_permanent,Number_of_Restrooms_In_park_buildings,Number_of_Restrooms_Semi_permanent,Number_of_Skate_parks,Number_of_Splashpads,Number_of_Swimming_pools,Number_of_Disc_Golf_Courses,Trail_Miles_Improved_Trails,Trail_Miles_Nature_trails,Number_of_Tracks_At_Park_Sites,Number_of_Tracks_At_community_schoolyards,Number_of_Exercise_Zones,Miles_of_car_free_roadways_in_parks,Permanent_car_free_roadways
0,"Los Angeles, CA",Los Angeles,CA,68.6,52.9,58.7,3792621,3903648.0,296527.0,13.164561743112769,High,3694834.0,0.056515123548175644,Limited or Decline,39626.19,0.7010310605183087,0.29896893948169123,566,0.13363434021185255,0.6356915588574357,0.6834271897570173,0.6817260868213622,0.621063584501013,0.6242538138403715,0.591858285189578,0.6504405286343612,0.621063584501013,0.6668429050335324,0.5572805597374294,0.6948710952645691,0.6404465355138211,0.5780235044687734,0.6509817485233864,0.6383274756152664,0.5969536915594047,-0.34570394760810674,1.576975418333538,-0.3784902258379569,-0.09246439563467412,-0.2481957086840495,nan,0.24481927757417798,nan,nan,1.406854140099337,-0.12729557488564625,,,340.0,32.0,24.0,8.0,2.0,1120.0,0.0,16.0,20.0,2160.0,0.0,15.0,1260.0,440.0,0.0,159.0,559.0,0.0,156.0,31.0,17.0,64.0,4.0,33.0,33.0,1.0,0.0,133.0,0.0,0.0
1,"San Diego, CA",San Diego,CA,53.3,37.3,43.0,1307402,1394592.0,206371.0,6.757693668199504,Medium-Low,1223341.0,0.1399863161620513,Medium Slow,40121.78,0.805549504533448,0.19445049546655208,453,0.1944157851636131,0.8144253766632527,0.8150361257566882,0.8284252820948769,0.8222548087296323,0.8286680662467927,0.8081344061589457,0.7937719117343782,0.8222548087296323,0.823140969046422,0.8014415848113878,0.8417903193961394,0.824998410040067,0.8194991742834252,0.8123972429492854,0.8192546043917582,0.7963757437370176,-0.6252908316440486,1.649011649112698,-0.5637395290020906,-0.5977537441880694,-0.08416771959908953,nan,0.129456214472762,nan,nan,0.645024550317993,-0.39084824318503353,263,346,143.0,101.0,30.0,71.0,115.0,486.0,131.0,29.0,4.0,0.0,44.0,23.0,512.0,338.0,2.0,73.0,190.0,0.0,65.0,7.0,4.0,14.0,3.0,66.19999999999999,292.8,0.0,50.0,8.0,0.0,0.0
2,"San Jose, CA",San Jose,CA,50.5,40.1,61.5,945942,1018924.0,112666.0,9.043757655370742,Medium-High,893889.0,0.13987754631727206,Medium Slow,15220.800000000001,0.7931777567539157,0.20682224324608428,224,0.13509665737667087,0.8024739322612362,0.8091111937523243,0.8216934120131048,0.8035913233217815,0.8013809910641755,0.7934539428255766,0.7903130537507383,0.8035913233217815,0.810589098158923,0.7750740002877183,0.8014957111796048,0.8049635543214162,0.7939926146715344,0.8032228099401961,0.8057943615257048,0.7867756579744436,-0.13531163620793707,0.028070572622509893,-0.2528159367442834,-0.050744585548929355,0.16515595688886808,nan,-0.09258527630523761,nan,nan,-0.19808434956505083,0.07228567137389597,127,,85.0,35.0,0.0,35.0,19.0,157.0,0.0,0.0,22.0,1159.0,3.0,15.0,350.0,294.0,10.0,47.0,117.0,0.0,1.0,7.0,2.0,6.0,1.0,75.6,37.9,0.0,0.0,42.0,0.0,0.0
3,"San Francisco, CA",San Francisco,CA,88.7,77.1,72.3,805235,883822.0,29892.0,29.56717516392346,High,776733.0,0.1378710573646285,Medium Slow,6163.799999999999,0.4233589668710861,0.5766410331289141,27,0.2062023283821758,0.9972605536744312,0.9928436071786869,0.997199002144514,0.9969518236218808,0.9960214231063504,0.9977288309907439,0.9947884733292459,0.9969518236218808,0.9967094596586387,0.9981286894923258,0.996423950546291,0.9969655363385677,0.997909218138241,0.9967890738060782,0.9972837439006859,0.9975387426019551,-0.3804522794438625,0.37849431632058494,-0.32607467964297776,-0.3655252803223201,-0.014867294717054502,nan,0.36366000436327206,nan,nan,0.526541439642624,-0.3478790897691264,,,167.0,61.0,50.0,11.0,31.0,290.0,98.0,6.26,54.0,1318.0,0.0,42.0,174.0,272.0,0.0,39.0,280.0,6.0,10.0,7.0,11.0,12.0,2.0,51.35,34.0,3.0,0.0,5.0,7.0,4.0
4,"Fresno, CA",Fresno,CA,46.6,33.1,58.1,494665,547499.0,72537.0,7.547858334367288,Medium-High,427224.0,0.28152678688463195,Medium Fast,3429,0.17964421114027412,0.8203557888597258,26,0.04727242648579346,0.663106104745258,0.699167554800242,0.6584588900288578,0.6885457809694794,0.6233528550512445,0.6687898089171974,0.6878531073446328,0.6885457809694794,0.6677864740012756,0.6483734526570206,0.653653163627463,0.6396233120113717,0.6659051882742548,0.6676590021805268,0.6640279283517773,0.6477655353388451,-0.19007044073235013,0.46025134601637996,-0.2015369358187835,-0.042031467486827845,-0.0021830910842102202,nan,0.05039007410658902,nan,nan,0.551954192238157,-0.12695717175526078,90,,38.0,0.0,0.0,0.0,18.0,101.0,4.0,0.0,7.0,1.0,6.0,12.0,24.0,88.0,0.0,19.0,54.0,0.0,1.0,9.0,7.0,9.0,1.0,2.0,0.0,10.0,0.0,17.0,0.0,0.0
5,"Sacramento, CA",Sacramento,CA,49.0,33.9,66.9,466488,534959.0,62439.0,8.567706081135189,Medium-High,407075.0,0.3141534115335012,Medium Fast,6747,0.3853564547206166,0.6146435452793835,240,0.1080574640849469,0.8382530324847149,0.8522742661109522,0.8238697559566028,0.8499451837290186,0.8486066452304395,0.8462909805106511,0.8360500826836759,0.8499451837290186,0.8389114820326308,0.836752098955734,0.8232720115073057,0.834553368285686,0.8584440507824033,0.8402416882897319,0.8418309047812415,0.8199890713226302,-0.16559109557284923,0.2126322653961059,-0.06655197065274321,-0.30828116538521155,-0.18971278702149263,nan,0.10027705652833396,nan,nan,0.3061039308920701,-0.4543790648711854,246,,49.0,19.0,8.0,11.0,62.0,175.0,0.0,3.7,20.0,435.0,19.0,23.0,296.0,218.0,2.0,19.0,91.0,14.0,0.0,17.0,15.0,14.0,4.0,45.8,0.0,0.0,0.0,87.0,0.0,0.0
6,"Long Beach, CA",Long Beach,CA,73.3,48.9,70.1,462257,464125.0,31393.0,14.784346828910904,High,461381.0,0.005947362375130315,Limited or Decline,3034,0.2020435069215557,0.7979564930784443,166,0.09664574905233651,0.8285303215285658,0.8466639871382636,0.8378958135747235,0.8260582665214953,0.8450144508670521,0.8177122511408655,0.8046272493573264,0.8260582665214953,0.8358649201040506,0.8073268988669744,0.8787146130667773,0.8470863993544545,0.8161730735530739,0.8231435000865501,0.834481121702799,0.8109872973587603,-0.6236443041686486,2.573577859923166,-0.2593394680077501,-0.6503611532700939,-0.19173364791723502,nan,0.47935106375454306,nan,nan,4.479569071138333,-0.48122312241860077,76,170,49.0,18.0,18.0,0.0,67.0,82.0,0.0,6.0,10.0,574.0,13.0,11.0,195.0,70.0,5.0,30.0,165.0,0.0,3.0,10.0,1.0,3.0,1.0,90.4,20.4,0.0,0.0,15.0,0.35,0.35
7,"Oakland, CA",Oakland,CA,75.3,56.6,65.5,390724,446649.0,33381.0,13.38033611934933,High,399477.0,0.11808439534691609,Medium Slow,4927,0.5741830728638116,0.42581692713618835,165,0.14759893352505918,0.8860232050977775,0.8935113831520543,0.900886488848657,0.9115062032744714,0.881620931716656,0.8629914562956663,0.8706229266494655,0.9115062032744714,0.8977838733082096,0.8539530929639446,0.9243154894571193,0.8939304783698376,0.8442579348661269,0.8792408299734488,0.8920212958603455,0.8719055090655509,-0.24300263768161134,2.48410599169039,-0.06325853682865601,-0.3640939680270485,-0.14317960495395932,nan,0.2673835876437469,nan,nan,1.027643494886378,-0.30782413759175076,84,149,42.0,4.0,2.0,2.0,0.0,96.0,0.0,0.05,13.0,268.0,4.0,18.0,180.0,125.0,1.0,24.0,54.0,0.0,0.0,4.0,1.0,6.0,1.0,45.400000000000006,15.2,11.0,2.0,4.0,0.0,0.0
8,"Bakersfield, CA",Bakersfield,CA,37.3,24.6,43.7,347483,410726.0,95768.0,4.288760337482249,Medium-Low,247385.0,0.660270428684035,Very Fast,5364,0.7680835197613721,0.2319164802386279,78,0.05601035836605129,0.46180253502990626,0.4782757571145944,0.45705810166176103,0.4303038121653873,0.44532488114104596,0.4684259402569262,0.45759368836291914,0.4303038121653873,0.456735311434557,0.47469688523447845,0.4670591710981683,0.480727951469902,0.46604580253869354,0.453884785351031,0.4638065349193183,0.473030457716522,-0.10296816970291545,0.4836951936086711,-0.2486163324654358,-0.3578303093063002,0.02311269063768595,nan,0.13362275744429497,nan,nan,1.3593308511341942,-0.2467606865439882,,48,6.0,14.0,0.0,14.0,45.0,85.0,0.0,0.0,1.0,0.0,0.0,9.0,32.0,119.0,3.0,5.0,75.0,0.0,0.0,3.0,14.0,7.0,5.0,34.0,0.0,0.0,0.0,5.0,0.0,0.0
9,"Anaheim, CA",Anaheim,CA,55.7,33.9,52.3,336265,346023.0,32176.0,10.754071357533565,High,327357.0,0.057020317268303415,Limited or Decline,4584,0.8586387434554974,0.14136125654450263,70,0.14246643460964695,0.672023978783535,0.6321852731591449,0.6768926434582394,0.6663943485991638,0.667989417989418,0.6669138679944909,0.6837060702875399,0.6663943485991638,0.6726178513208727,0.6698393891521853,0.6479730697607793,0.6632072833483517,0.6874972744319916,0.6738398678973664,0.6726066058545325,0.6653026668548045,-0.5391888385141238,2.619102943222799,-0.2569726876101215,-0.7143130380012608,-0.0533530211109835,nan,1.527681169165247,nan,nan,2.683564474427247,-0.6218170561669024,90,27,26.0,25.0,10.0,15.0,15.0,52.0,0.0,0.0,4.0,0.0,0.0,4.0,103.0,60.0,0.0,5.0,60.0,0.0,0.0,9.0,2.0,1.0,1.0,17.0,0.0,0.0,0.0,8.0,0.0,0.0
10,"Santa Ana, CA",Santa Ana,CA,67.1,43.3,62.2,324528,309050.0,17520.0,17.639840182648403,High,337512.0,-0.08432885349261655,Limited or Decline,599.7,0.019509754877438716,0.9804902451225612,49,0.034229452054794524,0.7393319673590409,0.7513812154696132,0.7516077102308832,0.6836434612882238,0.7593582887700535,0.7180049328583173,0.7367576243980738,0.6836434612882238,0.7419070883901142,0.7114521388835603,0.7632534809305543,0.7348048876625937,0.7148903424393998,0.74688913731677,0.7381186620251249,0.7216593453308772,-0.5718855348760026,0.48228741191242097,nan,-0.6555011533412443,0.25774977005937494,nan,nan,nan,nan,0.422429249772442,-0.48419223940475675,48,91,30.0,0.0,0.0,0.0,4.0,36.0,19.0,0.0,4.0,0.0,0.0,0.0,38.0,34.0,0.0,12.0,34.0,0.0,0.0,2.0,0.0,5.0,0.0,18.8,1.0,4.0,3.0,14.0,0.0,0.0
11,"Riverside, CA",Riverside,CA,42.7,29.9,48.9,303871,316692.0,51455.0,6.154737148965115,Medium-Low,255093.0,0.24147663793204832,Medium Fast,3975.75,0.8222876186882978,0.1777123813117022,77,0.07726654358177049,0.5104636162636295,0.5164975974372664,0.5234772694883854,0.4881382492491185,0.5293150684931507,0.4991337824831569,0.48427672955974843,0.4881382492491185,0.5181149715292959,0.4897994952327538,0.5521048757404746,0.5178314946673593,0.4823961288169531,0.5130493406769203,0.514520828329452,0.4840228282881414,-0.04174977759696907,-0.2123941944131833,0.4008235277806871,0.06528807073380105,0.8795500827673259,nan,1.429576976721858,nan,nan,1.2872523331848011,0.10307677114373104,115,125,27.0,23.0,12.0,11.0,20.0,138.0,0.0,0.0,3.0,229.0,8.0,2.0,0.0,42.0,0.0,22.0,70.0,0.0,0.0,2.0,5.0,7.0,1.0,23.0,24.0,6.0,0.0,6.0,0.0,0.0
12,"Stockton, CA",Stockton,CA,43.7,25.4,52.4,291707,323593.0,39378.0,8.217608817105999,Medium-High,242714.0,0.33322758472935227,Medium Fast,1199,0.058381984987489574,0.9416180150125104,67,0.030448473767078064,0.760187902950803,0.7881913424835539,0.760370583165757,0.753870529651426,0.7678132678132679,0.7535831992028819,0.7680859859446052,0.753870529651426,0.7625238741744713,0.7486049317547696,0.7830201077671178,0.7470351489133351,0.7425557995811839,0.7593031779569661,0.7596905747590679,0.7641692591986152,0.045777856397015926,-0.0009685540629915668,-0.1015986409879781,-0.08632301406157217,-0.07361158333305051,nan,0.08709229323602607,nan,nan,0.43451950636996095,-0.019573880630703533,98,128,68.0,11.0,10.0,1.0,7.0,108.0,60.0,0.0,2.0,33.0,5.0,3.0,130.0,75.0,0.0,5.0,44.0,0.0,0.0,2.0,5.0,5.0,0.0,22.36,0.0,0.0,0.0,1.0,0.0,0.0
13,"Chula Vista, CA",Chula Vista,CA,45.6,35.4,41.2,243916,278609.0,31767.0,8.77039065697107,Medium-High,173860.0,0.6024905096054296,Very Fast,2482,0.7780016116035455,0.22199838839645447,68,0.07813139421412157,0.7258855035116973,0.773327086749434,0.7013877551020408,0.8014638177310826,0.7282700421940929,0.7767450337160562,0.7170138888888888,0.8014638177310826,0.7271008735059293,0.7193212404915155,0.6699563920128528,0.7000246994895439,0.7658235908407834,0.7410873730724611,0.7281030022260995,0.680938296190002,-0.47305243518149753,0.6224563657970399,-0.44378076798334987,0.6819347693257289,0.4500759706565509,nan,0.546126961264219,nan,nan,0.563331401340855,-0.22872399450843295,71,,21.0,8.0,0.0,8.0,2.0,59.0,0.0,0.0,1.0,9.0,1.0,8.0,80.0,100.0,0.0,10.0,45.0,0.0,0.0,8.0,2.0,2.0,1.0,1.5,0.0,0.0,0.0,4.0,0.0,0.0
14,"Fremont, CA",Fremont,CA,49.9,36.3,54.4,214089,235898.0,49927.0,4.724858293107937,Medium-Low,203413.0,0.15969972420641748,Medium Slow,21957.41,0.9104689487512416,0.08953105124875839,75,0.4397902938289903,0.7303317435082142,0.7484732824427481,0.687971851193933,0.737330252703779,0.7706013363028953,0.7321757129714811,0.7474747474747475,0.737330252703779,0.7304060505933886,0.7298864205339025,0.7325581395348837,0.7338514762333539,0.728584972742356,0.7391096139238416,0.725441019590666,0.7351042407012556,-0.3414986051584987,0.644696417592876,-0.08059956979282512,-0.5675427510930179,1.755863403786027,nan,-0.0543676343724252,nan,nan,-0.14518250116106335,0.224508402181403,129,71,40.0,3.0,0.0,3.0,2.0,42.0,10.0,2.0,1.0,25.0,2.0,5.0,116.0,47.0,0.0,8.0,89.0,0.0,1.0,1.0,1.0,1.0,0.0,44.1,54.7,16.0,0.0,2.0,0.0,0.0
15,"Irvine, CA",Irvine,CA,43.2,25.7,69.5,212375,319103.0,41991.0,7.599318901669405,Medium-High,143034.0,1.230959072668037,Very Fast,11008,0.6695130813953488,0.3304869186046512,81,0.2621514133981091,0.9367692050778725,0.9260579064587974,0.9406710533471097,0.9369709200742236,0.9375,0.9388448471121178,0.9296187683284457,0.9369709200742236,0.9374373048168827,0.9354388479710295,0.914941737548552,0.9226327944572749,0.9271981142792229,0.9499291450165328,0.9296168574693746,0.9468851961453828,-0.0617835037873129,0.0013829920645009874,-0.19012996918494218,-0.04719818976822421,-0.1750829892226804,nan,-0.03387693379506418,nan,nan,0.819782005679752,-0.18018093748299957,167,186,101.0,16.0,8.0,8.0,27.0,88.0,392.0,0.0,3.0,25.0,18.0,2.0,228.0,118.0,6.0,24.0,87.0,79.0,2.0,1.0,2.0,8.0,1.0,494.66,113.24,25.0,9.0,33.0,0.0,0.0
16,"Detroit, MI",Detroit,MI,51.1,35.7,52.1,713777,637423.0,87833.0,7.257215397401888,Medium-High,951270.0,-0.32992420658698374,Limited or Decline,5134,0.22088040514218932,0.7791195948578107,304,0.05845183473182061,0.8349598050430823,0.8314487992981454,0.8264586450096174,0.9374333106993888,0.8444309927360775,0.8341718555417186,0.8611111111111112,0.9374333106993888,0.8331021520664138,0.8527589113083139,0.8440000994184024,0.8390456526726313,0.848854197938557,0.8263202836845788,0.8373111277841366,0.8407421013960323,0.4897761356864081,-0.05644992676785865,0.09872904559808493,0.33426355289933096,nan,nan,0.252373902134013,nan,nan,0.5766722867643119,-0.260085790321105,217,341,86.0,10.0,0.0,10.0,9.0,185.0,185.0,1.0,4.0,0.0,12.0,7.0,24.0,305.0,6.0,17.0,32.0,0.0,3.0,4.0,11.0,7.0,1.0,132.0,3.0,0.0,0.0,23.0,0.0,0.0
17,"Chicago, IL",Chicago,IL,77.2,65.0,72.2,2695598,2750534.0,136157.0,20.20119420962565,High,2895964.0,-0.05021816569542992,Limited or Decline,13866,0.3717005625270446,0.6282994374729555,646,0.10183831899939041,0.9807924235245139,0.9863781099483863,0.9725788140773731,0.9891224398885309,0.9832392963823432,0.9870745132404086,0.9902912621359223,0.9891224398885309,0.9806388235518284,0.9811201420095186,0.9841499887098335,0.9825093982115632,0.9829460256419454,0.9783405160922745,0.981962187647171,0.9797472173264103,0.27330751506638196,0.016273067631658922,0.29434489353179605,-0.3938890001356198,0.416099027054033,nan,0.6226446390374809,nan,nan,0.10996797501602407,0.2065796151451731,997,1062,501.0,35.0,0.0,35.0,134.0,1055.0,167.0,28.0,90.0,600.0,251.0,30.0,1250.0,980.0,6.0,251.0,337.0,0.0,0.0,6.0,242.0,79.0,2.0,80.2,104.69999999999999,1.0,31.0,27.0,0.0,0.0
18,"Seattle, WA",Seattle,WA,74.4,59.6,71.1,608660,761152.0,52810.0,14.41302783563719,High,563375.0,0.3510574661637453,Medium Fast,6480,0.39861111111111114,0.6013888888888889,501,0.1227040333270214,0.9852596495566189,0.9854879256494249,0.9827531394054999,0.985781774889477,0.984829848298483,0.984886826936595,0.9768563162970106,0.985781774889477,0.9847916845522561,0.9855654701820972,0.9881874761844278,0.9876995625248566,0.9854946244495288,0.9839504280615708,0.9861660819543786,0.9827632201712491,-0.1330095200286726,0.2974710999520529,0.09146117600302306,-0.03253217968604527,0.4217779117562821,nan,0.03108183348660898,nan,nan,0.29026472496658196,0.397044192870454,146,232,151.0,156.0,70.0,86.0,0.0,224.0,0.0,9.1,31.0,1494.0,3.0,15.0,214.0,175.0,0.0,24.0,132.0,12.0,0.0,11.0,10.0,10.0,1.0,3.3,115.0,0.0,0.0,18.0,0.0,0.0
19,"Spokane, WA",Spokane,WA,49.2,36.0,52.1,208916,233034.0,40957.0,5.689723368410772,Medium-Low,196143.0,0.1880821645432159,Medium Slow,3669.8,0.4556106599814704,0.5443893400185296,106,0.08960128915692067,0.8544066813999207,0.863969363969364,0.8702177389592816,0.7987304536305929,0.839622641509434,0.8658038538970376,0.8962432915921288,0.7987304536305929,0.8613820987425349,0.852269295421522,0.8815244813481274,0.8752364935883961,0.8126542324246772,0.851899226961793,0.8594584145017622,0.8410649356987725,-0.2775152195406909,0.7378711435368941,-0.2579068981580024,-0.19871558797031164,-0.21652783493105754,nan,-0.03536311293937955,nan,nan,1.4922107264814932,-0.23887376162844132,93,,39.0,17.0,0.0,17.0,3.0,66.0,0.0,0.0,0.0,1114.0,1.0,2.0,111.0,85.0,0.0,10.0,85.0,0.0,3.0,4.0,19.0,6.0,4.0,46.5,0.0,1.0,0.0,3.0,4.3,3.8
20,"Portland, OR",Portland,OR,67.3,49.3,82.7,583776,665438.0,82228.0,8.092596195942988,Medium-High,529025.0,0.25785737914087237,Medium Fast,14662,0.7429409357522848,0.2570590642477152,333,0.17830909179354965,0.9029039263718439,0.9049557098395978,0.8965690331158171,0.9010664509940377,0.911628980156899,0.9056433692507652,0.8937483920761513,0.9010664509940377,0.9015189614273698,0.9036155319742323,0.9180223128716765,0.9147025813692481,0.9006395632719385,0.8955919433271298,0.9085341748285937,0.8887749164110506,-0.3381988017683256,0.632041882004416,-0.36953967679652844,-0.18258614913530857,0.05122585843300698,nan,-0.3216166443699452,nan,nan,0.7299984696686139,-0.26579216054873644,162,227,120.0,54.0,54.0,0.0,24.0,221.0,0.0,5.0,59.0,2702.0,7.0,38.0,316.0,137.0,9.0,15.0,400.0,0.0,0.0,8.0,19.0,12.0,1.0,5.4,0.0,0.0,0.0,0.0,0.0,0.0
21,"New York, NY",New York,NY,88.0,88.6,69.3,8175133,8840134.0,186181.0,47.481397135046,High,8008278.0,0.10387451584472966,Limited or Decline,39796,0.48535028646095085,0.5146497135390492,4291,0.21374898620159952,0.9917808262907758,0.9910219692668312,0.9942689914878974,0.9922299037744482,0.9888453470788143,0.9927532490998026,0.9916417910447761,0.9922299037744482,0.9926567510090136,0.9898032914337263,0.9949388194572774,0.9927759026815013,0.9916360609833608,0.9924889608360113,0.9918765628879612,0.9904013150176967,0.20129544592693693,0.475992925625794,-0.17378237417333176,0.3439859878209679,-0.47958862669687274,nan,-0.2257109692967746,nan,nan,0.372534770286016,0.003572741124924894,1311,4561,665.0,38.0,0.0,38.0,123.0,2943.0,1336.0,19.0,387.0,7378.0,5.0,159.0,3921.0,1951.0,36.0,154.0,737.0,0.0,7.0,41.0,595.0,66.0,14.0,445.5,353.0,82.0,27.0,179.0,24.0,4.0
22,"Buffalo, NY",Buffalo,NY,66.6,47.5,62.8,261310,279145.0,25304.0,11.031655074296554,High,292648.0,-0.04614075613023154,Limited or Decline,2383,0.21233738984473352,0.7876626101552665,216,0.09417483401833703,0.9077857398781799,0.9117411857595481,0.9294594294594295,0.9508437270726339,0.9121851599727706,0.8944066910611604,0.9090909090909091,0.9508437270726339,0.9192036717630895,0.889714523666312,0.9059200855271949,0.8977284354855213,0.8862454655380895,0.9207670883137983,0.9054786489429163,0.8959006673332248,0.1429235634416539,0.466172126124879,-0.0846890609065416,0.010276641143702081,-0.20026943930768737,nan,0.00878757629041993,nan,nan,1.065973693002893,-0.06000113911766314,101,130,48.0,0.0,0.0,0.0,0.0,165.0,0.0,0.0,0.0,178.0,0.0,3.0,2.0,77.0,0.0,28.0,56.0,1.0,2.0,1.0,11.0,9.0,0.0,1.3,5.0,0.0,0.0,3.0,0.0,0.0
23,"Phoenix, AZ",Phoenix,AZ,41.4,35.6,55.9,1445632,1647147.0,328457.0,5.014802546452047,Medium-Low,1320994.0,0.24689968311741006,Medium Fast,51019.93,0.7657582046858943,0.2342417953141057,234,0.1553321439336047,0.4926602976299835,0.5338475007295619,0.5213307781032018,0.43578536644384624,0.4815936626281454,0.47950657271333325,0.44893040072310936,0.43578536644384624,0.5140924287694634,0.46234309623430964,0.5255238587991816,0.4936039995018414,0.46311084979384054,0.4977337640850589,0.4914401211272435,0.48705634811239423,-0.26422622898078807,0.7555076627316999,-0.09508904032182608,-0.29321454327725716,0.26423346362600797,nan,-0.04862232193600302,nan,nan,0.569085108278677,-0.18682448517854278,217,,123.0,62.0,0.0,62.0,112.0,454.0,0.0,0.0,6.0,89.0,14.0,12.0,430.0,162.0,11.0,32.0,158.0,0.0,3.0,8.0,11.0,29.0,4.0,212.0,242.0,54.0,0.0,280.0,10.0,0.0
24,"Tucson, AZ",Tucson,AZ,43.2,34.5,66.3,520116,548705.0,153087.0,3.5842690757543094,Low,486591.0,0.1276513540118909,Medium Slow,6195,0.43857949959644876,0.5614205004035513,162,0.040467185325991105,0.6367037961835907,0.6187133656559809,0.6502913768097062,0.6485693323550991,0.6559546313799622,0.6292533540734979,0.6159368269921034,0.6485693323550991,0.6466090565670649,0.6237423607306518,0.6874771766915332,0.6435296339259219,0.6035951447855432,0.639812993951987,0.6367081050817994,0.6317978955218663,-0.09004555515442914,0.425380231318089,-0.10231068769389173,0.9617993929128741,-0.18099382745374992,nan,-0.4295826597181728,nan,nan,-0.08831070284131382,0.945008778959612,179,206,57.0,12.0,0.0,12.0,28.0,165.0,71.0,0.0,6.0,121.0,6.0,10.0,567.0,145.0,5.0,22.0,100.0,0.0,10.0,4.0,6.0,28.0,4.0,31.6,3.2,25.0,11.0,31.0,1.6,0.0
25,"Mesa, AZ",Mesa,AZ,37.9,27.0,59.6,439041,513977.0,86979.0,5.909207969739822,Medium-Low,397215.0,0.2939516382815352,Medium Fast,2469.87,0.16478600088263756,0.8352139991173625,225,0.028396164591453107,0.6547816310781536,0.6431560071727436,0.739710232115105,0.5967766343825666,0.6937901498929336,0.641346568839016,0.7092846270928462,0.5967766343825666,0.7088143413274379,0.6176268339934277,0.6389347676747007,0.6385447702681512,0.6294667088836621,0.6822850762932638,0.6741272775283866,0.5551035462839414,-0.2516931932541101,0.09483936796166303,-0.2978197890262464,0.12534359707708198,-0.21146467388020274,nan,-0.15860194428137975,nan,nan,-0.04328659209316976,-0.1325797873520681,109,164,19.0,21.0,12.0,9.0,38.0,127.0,0.0,0.0,1.0,0.0,0.0,3.0,87.0,72.0,1.0,6.0,43.0,0.0,2.0,2.0,4.0,9.0,3.0,67.68,4.0,6.0,0.0,10.0,0.0,0.0
26,"Chandler, AZ",Chandler,AZ,35.4,24.4,55.4,236123,284103.0,41502.0,6.845525516842562,Medium-Low,176338.0,0.6111274937903345,Very Fast,1518.29,0.13279413023862371,0.8672058697613764,69,0.03658353814274011,0.6231006856367883,0.6353892440767206,0.6860534403813586,0.5747974141855595,0.6288175411119812,0.629976580796253,0.6385542168674698,0.5747974141855595,0.6446956191921107,0.6036731470892556,0.6206655806376542,0.618554893019993,0.6056529856456402,0.6380265634527187,0.6305102058787271,0.5506027388941184,-0.06092562509104671,-0.0012646736538962644,0.009170585581653068,0.10836029714183093,-0.1142565057356455,nan,-0.05962736270912994,nan,nan,-0.0729808552979,-0.004096665783735909,61,34,25.0,14.0,0.0,14.0,35.0,90.0,0.0,0.0,2.0,0.0,0.0,4.0,97.0,97.0,1.0,7.0,28.0,0.0,0.0,1.0,3.0,6.0,2.0,46.0,0.0,0.0,0.0,4.0,0.0,0.0
27,"Glendale, AZ",Glendale,AZ,40.2,33.5,56.5,226721,251644.0,42079.0,5.9802751966539125,Medium-Low,218596.0,0.15118300426357298,Medium Slow,2100,0.5642857142857143,0.4357142857142857,72,0.04990612894793127,0.7422134727970621,0.6996549037070021,0.7598796349058773,0.7170710571923743,0.7611940298507462,0.7282765737874097,0.7093690248565966,0.7170710571923743,0.74614386522436,0.737063579566336,0.7352879830755937,0.7323515382780825,0.7392958081301672,0.7421714485552333,0.7382605963784149,0.7593850760018425,-0.24106431961541452,0.24538055255122204,-0.34731057062047377,-0.20685110090755432,0.577125521201344,nan,-0.029907049859140278,nan,nan,0.7323223743828371,-0.31273373124702464,46,143,35.0,14.0,0.0,14.0,44.0,96.0,0.0,0.0,0.0,0.0,0.0,3.0,57.0,74.0,1.0,5.0,18.0,0.0,0.0,2.0,3.0,2.0,2.0,46.0,46.0,25.0,0.0,9.0,0.0,0.0
28,"Scottsdale, AZ",Scottsdale,AZ,31.9,23.3,56.4,217385,246001.0,117587.0,2.092076505055831,Low,202744.0,0.21335773191808388,Medium Fast,31598,0.9677827710614596,0.03221722893854041,44,0.2687201816527337,0.40003336832938613,0.4871468026343743,0.5111781984334204,0.3882792814760628,0.41488451668092385,0.4225055315562111,0.5450236966824644,0.3882792814760628,0.46582353595668136,0.38152112147388945,0.48715756909675584,0.49353650159245616,0.38210724168537563,0.3840841199665432,0.42425076209026336,0.35936763699931595,-0.1684521305678195,1.0110200312525062,nan,0.053520939594841055,-0.30480261968005307,nan,-0.0985454009311848,nan,nan,0.41332990240341294,-0.10010056711182036,73,185,51.0,21.0,1.0,20.0,32.0,75.0,6.0,0.0,0.0,0.0,4.0,3.0,0.0,37.0,0.0,9.0,76.0,0.0,0.0,2.0,4.0,4.0,1.0,45.0,230.0,0.0,1.0,4.0,0.0,0.0
29,"Gilbert, AZ",Gilbert,AZ,29.0,15.1,52.6,208453,278911.0,43915.0,6.351155641580325,Medium-Low,109936.0,1.5370306360064037,Very Fast,1284,0.589563862928349,0.4104361370716511,43,0.029238301263805076,0.4524432314969617,0.40654538062811263,0.462882751522429,0.44843954604975994,0.45604395604395603,0.4440677966101695,0.41622574955908287,0.44843954604975994,0.4507690313661108,0.4532901833872708,0.4608879492600423,0.47017490261972045,0.44813085557032867,0.4414876638806464,0.4539283391657118,0.4776031937882284,0.14060740720231601,-0.056743883375060866,-0.08602841039213627,0.07316981086987195,0.02472788786360902,nan,-0.5264544884731523,nan,nan,0.03694837790845695,0.3246460485968401,63,63,13.0,23.0,0.0,23.0,13.0,36.0,0.0,0.0,2.0,1.0,0.0,2.0,38.0,29.0,0.0,4.0,15.0,0.0,0.0,1.0,3.0,4.0,1.0,69.0,0.0,5.0,0.0,1.0,0.0,0.0
30,"New Orleans, LA",New Orleans,LA,58.0,43.9,65.7,343829,388624.0,107591.0,3.6120493349815503,Low,484674.0,-0.19817444302768458,Limited or Decline,24737.35,0.8976042300408087,0.10239576995919127,239,0.22992025355280646,0.8001837355443358,0.7488069874384212,0.8205007824726135,0.6619389754595503,0.8128517823639775,0.8397584765443568,0.7936507936507936,0.6619389754595503,0.7591510281399518,0.8892479435957696,0.8161769133497923,0.8202957251610384,0.836066661139209,0.767768900885996,0.8080022500735109,0.8184966814872092,0.3081029363081831,1.092629539192969,0.251829436422085,0.4997572355720661,0.558903506004367,nan,0.022269625737419085,nan,nan,1.396404627345099,0.04111537907325502,48,51,61.0,10.0,2.0,8.0,12.0,64.0,0.0,0.0,2.0,4.0,8.0,3.0,20.0,101.0,0.0,16.0,101.0,3.0,0.0,1.0,1.0,17.0,1.0,15.45,106.23,6.0,0.0,11.0,0.0,0.0
31,"Baton Rouge, LA",Baton Rouge,LA,39.1,,44.3,229493,227473.0,54640.0,4.163122254758418,Medium-Low,227920.0,-0.0019612144612144613,Limited or Decline,1455.1,0.09459143701463817,0.9054085629853619,92,0.026630673499267933,0.5181274183783594,0.5646824077153308,0.49604910399322705,0.3882648341482754,0.5111940298507462,0.49910204081632653,0.6153846153846154,0.3882648341482754,0.5461324764869298,0.46485991063813537,0.5535979988355293,0.504647636627332,0.4620434160925517,0.5504340852829399,0.5120617491185504,0.48809907193254676,-0.20113064420216964,0.67269183317359,0.14891201393471998,-0.4162061331374908,-0.4866606271842434,nan,-0.1748659792327094,nan,nan,-0.19732920527089326,0.08798940882946504,106,239,71.0,21.0,0.0,21.0,33.0,217.0,2.0,0.0,4.0,36.0,0.0,3.0,145.0,70.0,1.0,36.0,101.0,2.0,0.0,2.0,4.0,3.0,2.0,70.0,60.0,28.0,1.0,12.0,0.0,0.0
32,"Jacksonville, FL",Jacksonville,FL,25.6,20.8,40.5,821784,978003.0,464885.0,2.103752540950988,Low,735503.0,0.3297063370237783,Medium Fast,84324,0.8988425596508705,0.10115744034912955,424,0.1813867945836067,0.3529127611640015,0.42888038030209263,0.3226173468951299,0.24217687074829933,0.32396950875211744,0.3349347682189909,0.34394250513347024,0.24217687074829933,0.3765198675816274,0.326380184501685,0.42760965565820486,0.3404764368113393,0.3031816322110178,0.3449339955182398,0.34647228622577025,0.3897815431557763,0.304095105852801,0.17014121464146403,0.1920275863744021,-0.4525209060481279,-0.35743861053646786,nan,0.07557218468876203,nan,nan,0.36266933821485003,0.24340072684410097,464,439,178.0,36.0,0.0,36.0,17.0,625.0,128.0,10.0,8.0,5.0,0.0,6.0,8.0,236.0,6.0,66.0,259.0,4.0,112.0,5.0,19.0,35.0,4.0,83.4,189.26,21.0,0.0,9.0,0.0,0.0
33,"Miami, FL",Miami,FL,76.6,57.0,64.0,399457,455738.0,23029.0,19.789743367058925,High,362563.0,0.2569898197003004,Medium Fast,1638.58,0.39717316212818415,0.6028268378718159,37,0.07115289417690737,0.8812850701071553,0.9504773854568981,0.8558815787436322,0.9208679004467135,0.922093023255814,0.9468201754385965,0.9,0.9208679004467135,0.8718018022612412,0.941607380697138,0.8852773080463214,0.8940590604878358,0.9137966319728686,0.8792681722954074,0.8869979359539707,0.8638679015354619,-0.22922227608056167,0.4758207926149409,0.3127547306240379,-0.6862663897664478,nan,nan,0.04084396590763406,nan,nan,0.560869822989964,0.14774719383716994,138,35,48.0,0.0,0.0,0.0,20.0,164.0,0.0,1.0,0.0,0.0,0.0,8.0,2.0,79.0,0.0,42.0,143.0,0.0,1.0,0.0,7.0,16.0,1.0,4.0,2.0,0.0,0.0,36.0,1.0,1.0
34,"Tampa, FL",Tampa,FL,49.5,31.3,55.2,335709,392284.0,70143.0,5.592632194231784,Medium-Low,303512.0,0.29248266954848573,Medium Fast,5045.2,0.49789899310235475,0.5021010068976453,203,0.07192734841680566,0.6501381671203498,0.6452554929078911,0.6732086342213818,0.40476190476190477,0.5742608695652174,0.6455123582246115,0.6807692307692308,0.40476190476190477,0.6341875248311482,0.6713266967455888,0.671022241908438,0.6726608292930024,0.6664721926459649,0.6223102933427016,0.648212881968255,0.7020557442973029,-0.07946270542138512,-0.3523035877002366,-0.24946075526281697,0.2643688887995339,0.328049827956731,nan,0.18570810657381398,nan,nan,-0.3405803378438035,-0.1350040778861623,104,,52.0,35.0,12.0,23.0,21.0,178.0,8.0,0.0,1.0,12.0,0.0,16.0,154.0,91.0,0.0,35.0,108.0,0.0,0.0,3.0,10.0,14.0,3.0,201.0,3.0,0.0,0.0,17.0,0.0,0.0
35,"St. Petersburg, FL",St. Petersburg,FL,43.0,33.5,58.5,244769,259920.0,39410.0,6.595280385688912,Medium-Low,247793.0,0.04894004269692848,Limited or Decline,5342.5,0.6103883949461862,0.38961160505381376,208,0.13556204009134737,0.770636447591196,0.8742255381695723,0.7444302598525717,0.6703691604050964,0.7787096774193548,0.7774289202860631,0.7967479674796748,0.6703691604050964,0.8112934410787764,0.7447624556726441,0.7931812092524784,0.7605659433146809,0.7387334531186975,0.7913024690145548,0.7720631670145316,0.7479340302302585,0.06802695670577408,-0.13427644309537456,0.16114680287670402,-0.4888716331530486,-0.45978411308430145,nan,-0.09469195481159653,nan,nan,-0.20610518823230994,0.28046008742165696,80,165,56.0,51.0,0.0,51.0,35.0,118.0,0.0,5.0,2.0,42.0,23.0,6.0,117.0,91.0,0.0,16.0,125.0,43.0,0.0,3.0,4.0,9.0,2.0,0.0,8.2,27.0,0.0,11.0,0.0,0.0
36,"Orlando, FL",Orlando,FL,41.1,32.7,56.8,238300,321040.0,63259.0,5.0750090896157065,Medium-Low,185984.0,0.7261699931176876,Very Fast,3411,0.15156845499853416,0.8484315450014659,125,0.053921181175801074,0.6691343195380297,0.713436988306212,0.5742636918368503,0.675301157389182,0.5900924024640657,0.6596087171867261,0.6608187134502924,0.675301157389182,0.6336779627646547,0.7407317617168181,0.6456296118543404,0.6500018612962066,0.7286707675849158,0.6621242818683911,0.6657075713295773,0.6988218884654661,0.039441424370963984,0.726201481571688,0.22245702048873905,-0.834983599051779,-0.4013433482183837,nan,0.17466100872399593,nan,nan,1.035228046411838,-0.01788468909268648,67,137,31.0,10.0,0.0,10.0,15.0,142.0,14.0,0.0,24.0,780.0,0.0,3.0,254.0,60.0,8.0,19.0,117.0,0.0,15.0,1.0,1.0,11.0,3.0,49.0,0.0,3.0,2.0,18.0,0.0,0.0
37,"Hialeah, FL",Hialeah,FL,67.9,39.0,50.6,224669,225489.0,13750.0,16.3992,High,226411.0,-0.00407224030634554,Limited or Decline,238,0,1,34,0.01730909090909091,0.681507427789088,0.6156485929993136,0.6843607386580386,0.46373626373626375,0.6217228464419475,0.592496765847348,0.5,0.46373626373626375,0.6825184533863988,0.6570945945945946,0.7048412410962211,0.7058409570724842,0.638682723027771,0.6701623079935599,0.6820614081365027,0.6912082217808101,-0.3334598161198431,0.1922340666966671,nan,-0.16977870414560337,nan,nan,nan,nan,nan,0.969425348933765,-0.07361525008635983,,,24.0,0.0,0.0,0.0,6.0,96.0,24.0,0.0,0.0,0.0,0.0,0.0,52.0,24.0,0.0,18.0,52.0,0.0,0.0,1.0,3.0,9.0,0.0,2.0,0.0,0.0,0.0,0.0,0.0,0.0
38,"Kansas City, MO",Kansas City,MO,35.3,25.5,35.0,459787,517971.0,191333.0,2.707170221550909,Low,441269.0,0.173821410522833,Medium Slow,18816,0.545812074829932,0.454187925170068,230,0.09834163474152394,0.6885824972835581,0.7604113419731184,0.7766249618553555,0.7138416529530078,0.6950884086444008,0.6745956232159848,0.6500981033355134,0.7138416529530078,0.7496351937436235,0.6339595596527864,0.7616691785160431,0.7211913937878053,0.6364078982959156,0.673614187300472,0.6951038837915575,0.6876498877031811,0.23233527973189605,-0.2609841452322831,0.26468833592278695,0.18127851289150199,0.13680483444967395,nan,0.08046563398364004,nan,nan,-0.2708932432311646,0.250087013106284,196,26,95.0,24.0,0.0,24.0,20.0,131.0,6.0,1.0,8.0,24.0,10.0,4.0,127.0,241.0,3.0,10.0,42.0,0.0,92.0,2.0,16.0,9.0,5.0,65.0,33.0,0.0,1.0,8.0,2.7,2.7
39,"St. Louis, MO",St. Louis,MO,65.7,42.6,57.7,319294,297651.0,38968.0,7.6383442824881955,Medium-High,348189.0,-0.14514530901320835,Limited or Decline,3889,0.051169966572383645,0.9488300334276164,112,0.09979983576267706,0.9722777600430115,0.970376161932065,0.9650123104833485,0.9634176083245265,0.9766304347826087,0.974591381872214,0.9775280898876404,0.9634176083245265,0.9697789779565,0.9755921228409323,0.9721980638446514,0.9721160332808635,0.9804910864446686,0.9708902553539515,0.9730203466224819,0.9711452991452991,-0.104844777175089,0.383505532658454,0.28175672602618995,-0.41269286974622976,-0.14172592809834417,nan,-0.09943486933316703,nan,nan,0.419545525576998,0.254030775791489,175,10,101.0,42.0,0.0,42.0,7.0,28.0,0.0,0.0,0.0,0.0,0.0,7.0,185.0,92.0,0.0,10.0,78.0,0.0,0.0,0.0,11.0,8.0,1.0,57.0,0.0,1.0,0.0,2.0,0.0,0.0
40,"Atlanta, GA",Atlanta,GA,47.7,43.7,41.7,420003,515426.0,85564.0,6.023865176943574,Medium-Low,416629.0,0.23713423693501892,Medium Fast,5529.7,0.27433676329638135,0.7256632367036187,395,0.06462647842550605,0.7735817913131623,0.7324861887730257,0.7728794109209142,0.7696280124275758,0.7907150879820292,0.7974082296453096,0.7966101694915254,0.7696280124275758,0.7439191666350615,0.8208813900780659,0.7550269709799662,0.7784157344548961,0.8060011075869707,0.7546545267380154,0.7849067719934231,0.7501329156668056,-0.0669959443703999,0.42982940301639694,0.038010913047783035,-0.2988977463391437,-0.5105849048230449,nan,-0.2157304349659711,nan,nan,0.6310512524943941,-0.07039489361749718,178,273,171.0,9.0,9.0,0.0,4.0,197.0,6.0,0.5,22.0,17.0,2.0,10.0,209.0,170.0,27.0,37.0,45.0,32.0,0.0,2.0,10.0,33.0,1.0,114.0,0.0,5.0,2.0,30.0,0.5,0.5
41,"Virginia Beach, VA",Virginia Beach,VA,33.1,20.7,41.7,437994,464214.0,156555.0,2.96518156558398,Low,425257.0,0.09160813343460543,Limited or Decline,25993,0.8728119108990882,0.12718808910091178,303,0.1660311072785922,0.681518453972241,0.7103869019081408,0.6738678853344412,0.6995000287339808,0.6791758646063282,0.6910151691948658,0.6568047337278107,0.6995000287339808,0.696952802771024,0.6704634938943913,0.7035892190001779,0.6886640046331576,0.6852650389448944,0.6776541211995191,0.6829149740114598,0.6820088931015738,-0.3938153968382374,0.150931162023493,-0.22937190194605261,-0.25488773017357047,-0.030551287745571143,nan,-0.2444142127903196,nan,nan,0.06055468491320393,-0.2869717775917605,130,199,39.0,57.0,12.0,45.0,59.0,172.0,156.0,38.0,0.0,0.0,0.0,5.0,30.0,245.0,7.0,7.0,52.0,0.0,15.0,5.0,1.0,7.0,3.0,110.0,44.0,14.0,5.0,4.0,9.0,9.0
42,"Norfolk, VA",Norfolk,VA,45.8,35.7,46.9,242803,239027.0,32779.0,7.292077244577321,Medium-High,234403.0,0.019726709982380772,Limited or Decline,1792,0.12723214285714285,0.8727678571428571,166,0.05466914793007718,0.7738749178963046,0.8059823959421155,0.691545264237194,0.7227953410981697,0.7613882863340564,0.7716403086561234,0.5904365904365905,0.7227953410981697,0.7770440561508244,0.7692307692307693,0.830981050138176,0.8020590108257271,0.8168180136069914,0.777290199119059,0.7633863319769157,0.8142822175988251,0.11056414605154807,-0.03584265535468456,0.6345946298623479,-0.415336115054579,-0.498545159861299,nan,0.16008234227664508,nan,nan,0.092247944293667,0.6659661095272269,136,340,133.0,11.0,0.0,11.0,0.0,421.0,0.0,7.5,4.0,12.0,0.0,13.0,0.0,165.0,0.0,24.0,16.0,0.0,0.0,2.0,3.0,5.0,2.0,13.0,0.0,0.0,0.0,3.0,0.0,0.0
43,"Chesapeake, VA",Chesapeake,VA,21.3,13.9,34.7,222209,255227.0,216010.0,1.1815517800101847,Low,199184.0,0.281362960880392,Medium Fast,58693.14,0.9830613935461623,0.016938606453837705,87,0.27171492060552754,0.458026694254387,0.5562798902931488,0.45918146383715897,0.4123677962443341,0.47452471482889735,0.44994254039072534,0.44954128440366975,0.4123677962443341,0.5145316171212586,0.40979619101555975,0.5413049455945319,0.4927023166262965,0.4153985437454251,0.47164817749603805,0.45458460012787555,0.44938176197836166,-0.14148365677177333,0.17084789952297297,-0.002901584565244808,-0.042101198921218,0.08132298666005,nan,-0.019021423740395726,nan,nan,0.29284307411227206,-0.0669190400025429,426,381,112.0,34.0,34.0,0.0,41.0,70.0,229.0,0.04,1.0,28.0,14.0,5.0,24.0,93.0,2.0,14.0,27.0,14.0,77.0,1.0,1.0,0.0,4.0,24.0,40.5,4.0,7.0,9.0,5.16,8.5
44,"Arlington, VA",Arlington,VA,71.2,58.6,72.3,207627,246301.0,15918.0,15.47311220002513,High,189453.0,0.3000638680833769,Medium Fast,1759,0.47981807845366686,0.5201819215463331,156,0.11050383213971604,0.9903089602533393,0.9898874804158951,0.9915595377223737,0.9928087691126161,0.9910714285714286,0.9900237894252167,0.9833333333333333,0.9928087691126161,0.9913654423878283,0.989554220234768,0.9940870464312256,0.9921074367524244,0.9908953265367921,0.9864959254947614,0.992042332231174,0.9860961550642934,-0.20021477550084177,0.17528512392039097,-0.405642038473899,-0.2478662789030901,-0.4662730184517,nan,0.04040058200089591,nan,nan,0.12693102097587605,-0.24632866862464808,111,207,91.0,31.0,11.0,20.0,24.0,94.0,292.0,0.0,10.0,597.0,0.0,10.0,99.0,130.0,1.0,15.0,46.0,5.0,0.0,1.0,7.0,5.0,1.0,62.0,16.0,3.0,4.0,5.0,0.0,0.0
45,"Richmond, VA",Richmond,VA,50.9,,50.8,204214,231285.0,38351.0,6.030742353524028,Medium-Low,197790.0,0.16934627635370847,Medium Slow,2755,0.18439201451905626,0.8156079854809437,191,0.07183645798023519,0.8008388645060862,0.8106591711963952,0.647266672081878,0.8595837216526871,0.784688995215311,0.8362785862785863,0.8260869565217391,0.8595837216526871,0.7844858446943707,0.8233932209668458,0.8321972015279742,0.8217682663207955,0.8148619417228655,0.7739443084455324,0.8176150839656501,0.7720257695060845,0.11599016976779297,-0.3475302330893151,0.368915340447993,-0.4243961512010468,-0.5301575403311893,nan,0.15294823307680505,nan,nan,-0.6126710158982431,0.10690907785911796,82,217,136.0,12.0,0.0,12.0,2.0,150.0,20.0,0.0,18.0,140.0,0.0,3.0,0.0,58.0,0.0,22.0,3.0,0.0,0.0,2.0,2.0,9.0,2.0,27.0,0.0,4.0,0.0,5.0,6.0,0.0
46,"Baltimore, MD",Baltimore,MD,64.3,53.2,53.4,620961,576870.0,51319.0,11.240865956078645,High,651154.0,-0.11408054008729118,Limited or Decline,5102.4,0.5714761680777674,0.4285238319222327,322,0.09942516416921607,0.8712413461888555,0.8884291355724233,0.7973930841322848,0.911361919153759,0.8582887700534759,0.8798534118847706,0.875,0.911361919153759,0.8787608046686095,0.8505589318480539,0.8907966564312522,0.8702474253513829,0.8634944174307347,0.8636494187716355,0.8775546259674238,0.8582929723834878,-0.027916859652568515,-0.029721436602934914,-0.030871401450123126,0.03750723580489401,-0.22762875092629942,nan,0.036622345727713945,nan,nan,-0.10500726267081995,0.23127355846624797,202,,80.0,4.0,4.0,0.0,11.0,208.0,0.0,1.0,11.0,715.0,0.0,5.0,2.0,181.0,4.0,50.0,36.0,0.0,0.0,4.0,6.0,20.0,4.0,141.0,25.0,0.0,0.0,5.0,0.0,0.0
47,"Boston, MA",Boston,MA,82.8,72.4,69.4,617594,685476.0,29222.0,23.457531996441038,High,589141.0,0.16351773174842696,Medium Slow,5160.24,0.35532068275894146,0.6446793172410585,394,0.17658750256655945,0.9974243702791148,0.9992679186542033,0.9988007818279512,0.9955574719402088,0.9985840322404966,0.9976412347117065,1.0,0.9955574719402088,0.9981948697407464,0.9964720591071417,0.9979803223373105,0.9976716291540253,0.9960477054305453,0.9981213002020488,0.997264320061208,0.9971970339929423,-0.13934118029851206,0.08424139793824903,0.06984071514402501,-0.07630942002618735,-0.3277865654808514,nan,-0.3607173336649093,nan,nan,0.12573719118834492,-0.038936975837188914,157,279,118.0,20.0,16.0,4.0,0.0,309.0,0.0,0.0,9.0,52.0,16.0,12.0,159.0,192.0,0.0,36.0,63.0,0.0,1.0,5.0,86.0,28.0,0.0,4.0,0.0,2.0,0.0,1.0,0.0,0.0
48,"Columbus, OH",Columbus,OH,41.2,30.2,47.7,787033,927811.0,137266.0,6.759219325980213,Medium-Low,711644.0,0.30375721568649494,Medium Fast,14513.11,0.4100506369758102,0.5899493630241899,402,0.10572982384567191,0.7072498814929823,0.7301596225278586,0.6917873835167069,0.615747616988475,0.7151627906976744,0.7169077617047752,0.7425742574257426,0.615747616988475,0.7079697649698831,0.7065770994809073,0.7285342119890972,0.6957072749824732,0.6802518383236411,0.7063930471929146,0.7043496713553186,0.7234648862422023,-0.227764294892437,0.20590736154073208,0.13742534990518895,-0.2561632428468531,-0.3305154526204578,nan,0.07526514184384392,nan,nan,0.003499648697516955,0.050550952460669984,272,257,100.0,118.0,115.0,3.0,52.0,377.0,220.0,0.0,13.0,53.0,7.0,7.0,121.0,250.0,15.0,30.0,88.0,5.0,87.0,3.0,7.0,9.0,3.0,251.1,54.0,95.0,26.0,8.0,0.0,0.0
49,"Cleveland, OH",Cleveland,OH,57.1,43.9,52.3,396815,371562.0,46894.0,7.923444363884506,Medium-High,478393.0,-0.22331221401650944,Limited or Decline,3311,0.45816973723950466,0.5418302627604953,176,0.07060604768200622,0.828158866149534,0.8711894373627627,0.7444144916881101,0.8306225462703309,0.8069096071935636,0.8075066294961583,0.86,0.8306225462703309,0.8404084846422594,0.8020915847841842,0.8390991365465641,0.8203499307946197,0.8402370335601972,0.8252751937560805,0.8278336504484914,0.8340121339124262,0.3037876284999721,0.291201700309327,0.11706533770856398,-0.257106589200667,-0.1664522216858667,nan,-0.14088053391502475,nan,nan,0.198261392702602,-0.0033650712988745335,233,188,72.0,3.0,2.0,1.0,18.0,270.0,0.0,1.0,41.0,0.0,0.0,1.0,68.0,115.0,0.0,22.0,51.0,0.0,51.0,1.0,45.0,40.0,0.0,102.2,4.0,35.0,1.0,8.0,0.0,0.0
50,"Cincinnati, OH",Cincinnati,OH,49.1,44.1,35.6,296943,311917.0,48681.0,6.407366323617017,Medium-Low,330662.0,-0.056689308115235496,Limited or Decline,8057.1,0.30780305569001254,0.6921969443099875,284,0.16550810377765454,0.878569809977016,0.8686109053431672,0.8719674053953947,0.9121866034676313,0.8953951108584423,0.884658691062632,0.8611111111111112,0.9121866034676313,0.8726906851573486,0.8853037629926074,0.8810826821631076,0.8767446075765815,0.8777487645395887,0.8833163824644362,0.882190042426426,0.8568161605895058,-0.17522620087909158,0.09385781934388704,-0.15390060129910232,-0.12412225625217088,-0.040677822846569955,nan,0.005814988728878978,nan,nan,-0.13058438469267075,-0.18124477887105528,128,4,98.0,28.0,15.0,13.0,48.0,269.0,0.0,0.0,9.0,62.0,23.0,6.0,216.0,253.0,0.0,22.0,97.0,0.0,7.0,1.0,14.0,24.0,3.0,83.9,61.9,17.0,5.0,11.0,2.0,0.5
51,"Toledo, OH",Toledo,OH,46.4,,45.6,287208,268744.0,51038.0,5.265566832556135,Medium-Low,313587.0,-0.1430001881455545,Limited or Decline,2995,0.4370617696160267,0.5629382303839733,135,0.058681766526901526,0.8227522524206512,0.8861820718337479,0.8569338183034407,0.8235858101629914,0.8312146892655368,0.8227038318428096,0.9166666666666666,0.8235858101629914,0.8698603987185233,0.7841045908129324,0.8504984716200827,0.7983943638895715,0.7834152959131762,0.8418442568020372,0.8226668712990318,0.7939129247986898,0.627736195363334,-0.059715092649508694,0.2958101364980219,0.598194782458064,nan,nan,0.4055849517709851,nan,nan,-0.46438968925201063,0.3873814629409009,77,119,66.0,4.0,4.0,0.0,6.0,64.0,0.0,0.0,0.0,0.0,0.0,2.0,30.0,128.0,0.0,6.0,20.0,0.0,0.0,1.0,2.0,6.0,1.0,68.0,8.0,0.0,0.0,4.0,0.0,0.0
52,"Houston, TX",Houston,TX,47.5,36.2,48.6,2099451,2355890.0,351870.0,6.695342029726888,Medium-Low,1954848.0,0.20515252336754572,Medium Fast,43485.71,0.6925521050478423,0.30744789495215785,666,0.12358459090004831,0.610272984074901,0.5696523303802566,0.5974086312678965,0.5964150611151928,0.6004269854824936,0.6424894624939386,0.6350606394707828,0.5964150611151928,0.5909385896217275,0.6744942306521342,0.5914661629928527,0.5987776138562643,0.646237036074392,0.596123760944443,0.611797527146297,0.6324707112473563,-0.19014282816314998,0.21550793360563492,0.07105948169488396,-0.1345731332656921,-0.02179132306598408,nan,-0.03347336026813108,nan,nan,-0.07205954842482842,0.028652111421118898,405,693,205.0,17.0,0.0,17.0,29.0,504.0,253.0,2.0,14.0,147.0,0.0,28.0,623.0,495.0,1.0,78.0,191.0,1.0,126.0,8.0,36.0,39.0,5.0,145.95,58.95,141.0,156.0,75.0,0.0,0.0
53,"San Antonio, TX",San Antonio,TX,36.9,30.9,44.5,1327407,1453138.0,316297.0,4.594219989440305,Medium-Low,1144554.0,0.2696106955198269,Medium Fast,32001,0.6513546451673385,0.34864535483266146,356,0.10117389668570995,0.5137289192364352,0.4739298053425466,0.552230627056947,0.3690071806337877,0.4719040801717967,0.43552032878320857,0.4245343609505459,0.3690071806337877,0.5337993681165395,0.44511211497975217,0.5716277448588358,0.5147391881039819,0.4368426517927341,0.5189526711416913,0.5073336987091992,0.5307566926800356,0.18665009480457107,-0.03937369674614988,0.17186951786626303,-0.14902259231603876,0.01646966633428293,nan,0.0018771557980099551,nan,nan,0.20562299971827103,0.1035811455024469,319,247,124.0,34.0,26.0,8.0,29.0,318.0,293.0,0.0,59.0,354.0,68.0,18.0,276.0,444.0,8.0,96.0,142.0,230.0,152.0,16.0,11.0,28.0,3.0,441.0,82.7,33.0,0.0,48.0,0.0,0.0
54,"Dallas, TX",Dallas,TX,46.0,38.9,49.3,1197816,1320535.0,215178.0,6.136942438353363,Medium-Low,1188204.0,0.1113706063941882,Medium Slow,20835,0.5102471802255819,0.48975281977441804,410,0.09682681315004323,0.7335253841015364,0.7026757155267388,0.7418573016225828,0.6745845651952289,0.7190857589372924,0.7352479313885366,0.6804347826086956,0.6745845651952289,0.7256727855529811,0.7541109722088662,0.7189032566170123,0.7255639331810003,0.7626951584923514,0.727414051151727,0.7355781595026738,0.7371632296061352,0.1875235366880279,0.196256751465119,0.5259200926055969,-0.07389343564825146,-0.16723655894097744,nan,0.08287100829501304,nan,nan,0.186051947663171,0.6252018718547081,288,413,256.0,59.0,28.0,31.0,66.0,526.0,106.0,0.0,1.0,0.0,15.0,9.0,310.0,263.0,0.0,42.0,20.0,0.0,142.0,1.0,17.0,19.0,2.0,177.0,29.5,108.0,0.0,12.0,0.0,0.0
55,"Austin, TX",Austin,TX,41.7,34.8,54.0,790390,1003496.0,172115.0,5.830380850013072,Medium-Low,656302.0,0.5290156056205833,Very Fast,19069.37,0.7841585747195634,0.21584142528043665,336,0.11079435261307846,0.6999757896639838,0.6805497386259637,0.7036569052492465,0.6734171868400056,0.7145495587933511,0.7002395528347085,0.693359375,0.6734171868400056,0.6953887293255422,0.70524105592062,0.7127806534294227,0.6909744478129061,0.6968799185260623,0.695856584208445,0.7045794754775795,0.6814274191961914,-0.3921651288357235,0.33870904008076197,0.11224304964958898,-0.3274044938759447,-0.3539883612898578,nan,-0.11811057662950453,nan,nan,0.409124522921275,-0.15603021947822993,172,269,86.0,47.0,26.0,21.0,45.0,202.0,33.0,0.04,30.0,781.0,27.0,16.0,292.0,200.0,0.0,25.0,97.0,1.0,17.0,4.0,17.0,34.0,6.0,160.5,119.06,7.0,15.0,26.0,0.0,0.0
56,"Fort Worth, TX",Fort Worth,TX,34.9,21.6,38.6,741206,966549.0,219834.0,4.396722072108955,Medium-Low,535420.0,0.8052164655784244,Very Fast,13156.34,0.373581862432865,0.6264181375671349,297,0.05984670251189534,0.6159778637506252,0.5905127044464199,0.6487100282532425,0.5975152273002299,0.5906401291016675,0.593959530651341,0.5598086124401914,0.5975152273002299,0.6231691144289085,0.6031104244831899,0.6261476215350019,0.6140109389243391,0.594673994594448,0.6141399585168189,0.6165892446721009,0.6176359694598925,0.12192450804504906,0.3021492577070859,0.046163014694575955,0.11109865000985097,-0.07248419310704246,nan,-0.07664337088704465,nan,nan,0.48303094339472596,0.22363279813453207,161,,64.0,25.0,6.0,19.0,23.0,204.0,7.0,0.0,0.0,0.0,20.0,4.0,137.0,210.0,0.0,22.0,15.0,0.0,1.0,4.0,1.0,3.0,4.0,210.0,30.0,0.0,0.0,19.0,0.0,0.0
57,"El Paso, TX",El Paso,TX,40.4,28.0,42.0,649121,687301.0,162503.0,4.229466532925546,Medium-Low,564280.0,0.2180141064719643,Medium Fast,30011.89,0.9061738530962229,0.09382614690377714,325,0.18468514427425956,0.6164482882090491,0.5972430326640695,0.6255682249682661,0.5540263876251137,0.6049129989764586,0.5803090611098104,0.5670955882352942,0.5540263876251137,0.622708991258662,0.5687171014715487,0.6590036867867074,0.6108136067668716,0.5953408306728647,0.6164091301278531,0.6126489497276014,0.6316149209834097,0.21733019653887298,-0.08735814944006437,-0.2915930278495642,0.49735728360474596,nan,nan,nan,nan,nan,0.39689808274956007,0.615980287980928,132,153,46.0,24.0,0.0,24.0,37.0,253.0,61.0,0.0,3.0,123.0,0.0,5.0,42.0,290.0,1.0,42.0,45.0,0.0,0.0,12.0,10.0,13.0,0.0,48.5,129.0,0.0,0.0,0.0,0.0,0.0
58,"Arlington, TX",Arlington,TX,38.1,0.3,39.5,365438,399679.0,60824.0,6.571073918190188,Medium-Low,332695.0,0.20133756143013873,Medium Fast,4321,0.34098588289747744,0.6590141171025226,100,0.07104103643298698,0.6023882637342755,0.5892175572519084,0.6190969628326546,0.6325814210492101,0.6079578700994733,0.6,0.6164705882352941,0.6325814210492101,0.6091027584922725,0.5892537889184798,0.6038303260525483,0.5911824469941093,0.5927626248987308,0.6060744964658642,0.6033381610235257,0.5892387355409864,-0.33114921029204825,0.5725709479107679,-0.03144829877243904,-0.5118062040485434,0.046347612337664934,nan,0.006462393252737009,nan,nan,0.5779231718457789,-0.48793550743666536,98,78,41.0,39.0,18.0,21.0,20.0,108.0,0.0,0.0,1.0,78.0,0.0,2.0,106.0,62.0,7.0,7.0,49.0,0.0,1.0,4.0,6.0,5.0,1.0,68.0,44.7,66.0,0.0,76.0,0.0,0.0
59,"Corpus Christi, TX",Corpus Christi,TX,40.3,26.6,42.1,305215,320242.0,102323.0,3.1297166814890103,Low,277569.0,0.15373834974366735,Medium Slow,7077,0.698459799350007,0.30154020064999293,200,0.06916333571142363,0.7483132772770756,0.7254886059524775,0.7721915651416256,0.6945701357466063,0.7357512953367875,0.7057260920897285,0.6754716981132075,0.6945701357466063,0.7646925557717423,0.7084601273335491,0.7696796755991332,0.7614851123741982,0.7403773727026213,0.7319386094854173,0.7461703806491987,0.7819547416713448,-0.16540664665534888,0.294613656566975,-0.23284261262046058,-0.3579502308884338,-0.3181436481273532,nan,0.19016221476017403,nan,nan,0.39400504903508393,-0.3118830711927716,73,,40.0,13.0,3.0,10.0,6.0,89.0,0.0,15.5,5.0,120.0,4.0,2.0,44.0,144.0,0.0,12.0,42.0,0.0,1.0,3.0,5.0,6.0,4.0,0.0,18.31,5.0,0.0,5.0,0.0,0.0
60,"Plano, TX",Plano,TX,40.5,14.8,52.0,259841,291554.0,45886.0,6.353876999520551,Medium-Low,222301.0,0.3115280633015596,Medium Fast,4588.3,0.4681472440773271,0.5318527559226729,88,0.0999934620581441,0.8005393249139869,0.7900441431499291,0.8099601593625498,0.7916780178655922,0.8005598320503848,0.8080272324255858,0.8333333333333334,0.7916780178655922,0.7984886011642712,0.8030297312189121,0.7841888506771961,0.7830993058417065,0.8001165912945166,0.8070160608622147,0.8043600689321154,0.7734328286814475,-0.42038928117427354,-0.11903653632379052,-0.08437547611033691,-0.10163076484936073,-0.10580734493809019,nan,0.1504115016296561,nan,nan,-0.22915709382560834,-0.11159061398674441,168,61,117.0,44.0,32.0,12.0,12.0,102.0,59.0,0.0,1.0,50.0,0.0,3.0,171.0,141.0,5.0,5.0,46.0,0.0,0.0,1.0,3.0,21.0,1.0,99.0,15.0,35.0,11.0,1.0,0.0,0.0
61,"Laredo, TX",Laredo,TX,36.8,,39.6,236091,258654.0,66883.0,3.867260738902262,Low,176807.0,0.4629171921926168,Medium Fast,2432,0.44243421052631576,0.5575657894736842,91,0.03636200529282478,0.5243349007232906,0.39238845144356954,0.5269520420323269,0.33360193392425463,0.48444444444444446,0.5037735849056604,0.24,0.33360193392425463,0.5254362698322848,0.49329666552079754,0.6299958626396359,0.5438775984746315,0.4489916768102115,0.5192340610058085,0.5132179688865582,0.6045440226807371,0.896631913254629,-0.5374374997777337,nan,0.3898259235194299,nan,nan,nan,nan,nan,-0.7331145065489357,0.889655641750992,,,25.0,0.0,0.0,0.0,24.0,254.0,0.0,1.0,3.0,3.0,0.0,6.0,134.0,80.0,0.0,11.0,42.0,0.0,0.0,9.0,10.0,9.0,2.0,21.0,3.95,0.0,0.0,0.0,0.0,0.0
62,"Lubbock, TX",Lubbock,TX,39.0,20.6,42.5,229573,263561.0,86838.0,3.035088325387503,Low,199556.0,0.32073703622040933,Medium Fast,2228,0.15754039497307,0.84245960502693,81,0.025656970450724337,0.5300668237178007,0.6361580576053321,0.5627400224905051,0.5254379523759573,0.5374554102259215,0.5207562136435748,0.5094339622641509,0.5254379523759573,0.5715407558968891,0.48252545959529164,0.5965692503176621,0.5552105215088136,0.45086646018378684,0.521547057040149,0.5272912791899153,0.5586610972498668,-0.16695334609483392,-0.20188154001213032,0.527097059045704,-0.13577543164703143,-0.5005579021790632,nan,-0.3792774791577985,nan,nan,0.016198415557939105,0.2105049296465471,,,58.0,6.0,0.0,6.0,36.0,126.0,0.0,0.0,0.0,0.0,0.0,3.0,65.0,57.0,0.0,5.0,34.0,0.0,0.0,2.0,0.0,4.0,3.0,16.0,0.0,0.0,0.0,0.0,0.0,0.0
63,"Garland, TX",Garland,TX,40.2,29.2,40.6,226876,251478.0,36377.0,6.913104434120461,Medium-Low,215991.0,0.16429851243801824,Medium Slow,2951,0.7644866147068791,0.23551338529312096,63,0.08112268741237595,0.6329386779508676,0.6124189605696674,0.6466580740195176,0.6086796861959606,0.6044399596367306,0.6157789803474794,0.675,0.6086796861959606,0.6321518959960198,0.635192423331329,0.6251580049839286,0.6311462247486913,0.6265165678825729,0.6356226127932332,0.6299994627843886,0.6403088080477248,-0.4535688201696937,2.203507820233569,0.35491763265407594,-0.4701978058402365,-0.12174557593089497,nan,-0.1156008366545791,nan,nan,0.788540242624175,-0.6137412563977578,,,35.0,0.0,0.0,0.0,4.0,51.0,0.0,0.0,1.0,0.0,0.0,1.0,53.0,35.0,0.0,8.0,13.0,0.0,0.0,0.0,0.0,3.0,1.0,0.0,0.0,0.0,0.0,0.0,0.0,0.0
64,"Irving, TX",Irving,TX,44.8,28.7,42.0,216290,261915.0,36696.0,7.137426422498365,Medium-High,191611.0,0.3669100416990674,Medium Fast,1988,0.22484909456740443,0.7751509054325956,103,0.054174841944626115,0.6136534419688665,0.5327183007938211,0.680597649319929,0.5412494357979906,0.5790309769658459,0.5949751960313651,0.5856573705179283,0.5412494357979906,0.6141370869033048,0.6117220954141593,0.5960401989916865,0.6120562664278906,0.5745254133496632,0.6275538975404502,0.6039067649349871,0.6391452533221001,-0.32643006024019494,0.516960414362706,-0.42759992984739725,-0.32643006024019494,0.00736453187643793,nan,0.352622981438095,nan,nan,0.6996047759520769,-0.40393199714341566,62,46,12.0,3.0,0.0,3.0,15.0,27.0,4.0,0.0,0.0,0.0,2.0,3.0,73.0,77.0,0.0,10.0,6.0,6.0,0.0,1.0,2.0,6.0,2.0,37.0,0.0,0.0,0.0,11.0,0.0,0.0
65,"Oklahoma City, OK",Oklahoma City,OK,34.1,16.9,40.2,579999,702619.0,380768.0,1.845267984704597,Low,506132.0,0.3882129563038891,Medium Fast,18588,0.6082956746287927,0.39170432537120725,191,0.048817127489705014,0.42384783702639894,0.4883417408147834,0.5925398786186153,0.35458657722251286,0.4044943820224719,0.3794413764937763,0.3839458413926499,0.35458657722251286,0.4975533323278535,0.3483072432246802,0.5338589981447124,0.4513111975271712,0.3436723038672673,0.4320010490427485,0.42174663461772866,0.41731626096336943,1.1896170582695231,-0.14697555304861365,0.5705322141241029,1.059807368858658,-0.2563795519007772,nan,0.0852945758179191,nan,0.16983719302898392,0.060666094841322904,1.4529255911882708,362,148,81.0,2.0,0.0,2.0,17.0,127.0,0.0,0.0,0.0,0.0,0.0,3.0,31.0,132.0,0.0,22.0,71.0,0.0,0.0,5.0,24.0,5.0,3.0,153.0,11.0,111.0,0.0,5.0,0.0,0.0
66,"Tulsa, OK",Tulsa,OK,39.0,22.7,47.2,391906,419459.0,124821.0,3.3604842133935797,Low,393051.0,0.06718720980229029,Limited or Decline,8579.5,0.574159333294481,0.42584066670551896,139,0.06873442770046707,0.6451619869892089,0.713814908993576,0.6826019398010075,0.5464841906559698,0.6443331246086412,0.6524377856780091,0.7854785478547854,0.5464841906559698,0.6738989156268568,0.614417851430161,0.6921523039981705,0.6632951224994381,0.5940715374102641,0.6427202708736419,0.6512275267376881,0.628291531593016,-0.12662826523530946,-0.26857258917907934,0.21610237087100992,-0.0976287606162648,-0.25479970899390425,nan,-0.05136127470964147,nan,-0.09308691157778293,-0.1149896660589218,0.09091647597879304,245,164,118.0,14.0,0.0,14.0,21.0,107.0,22.0,0.0,2.0,0.0,0.0,3.0,79.0,195.0,3.0,8.0,50.0,0.0,3.0,3.0,35.0,5.0,9.0,78.7,63.0,43.0,0.0,8.0,0.0,0.0
67,"Denver, CO",Denver,CO,61.2,44.6,71.8,600158,744729.0,74662.0,9.974672524175618,High,554636.0,0.3427346944662806,Medium Fast,7028,0.3813318155947638,0.6186681844052362,318,0.09413088318019876,0.9228599784852949,0.8928441470090338,0.9271318580214033,0.8970379352156591,0.9316939890710383,0.9181417972477911,0.7664233576642335,0.8970379352156591,0.9167386260169765,0.9279689429160306,0.9368627492329267,0.9166324045668743,0.9278561238901625,0.9203477552919284,0.9234956878920463,0.9240337501655347,-0.26038095301878694,0.12279636027604002,-0.25325223915735184,-0.17497662070902187,-0.10753243163143011,nan,-0.2189435263035392,nan,nan,-0.03825366864232527,-0.048243706087294336,249,354,144.0,28.0,0.0,28.0,9.0,352.0,0.0,0.0,10.0,0.0,30.0,14.0,132.0,274.0,8.0,30.0,93.0,0.0,0.0,8.0,20.0,32.0,2.0,328.0,0.0,0.0,0.0,13.0,5.5,0.0
68,"Colorado Springs, CO",Colorado Springs,CO,36.1,18.8,44.7,416427,495511.0,121849.0,4.066598823133551,Medium-Low,360798.0,0.37337512957388896,Medium Fast,14785,0.8338180588434224,0.1661819411565776,247,0.12133870610345592,0.7824618740936086,0.8007917059377946,0.7891691294245042,0.7597254004576659,0.7977489768076398,0.7889965717299579,0.7843839541547278,0.7597254004576659,0.7884500975679406,0.7792204445675597,0.7967117317882435,0.7904440048356962,0.7711853585869334,0.7885150497828924,0.784105126990747,0.7661241140038219,0.26699859922439795,0.039107680291246005,-0.48848810495514083,-0.5691755957301938,-0.42111783968308736,nan,-0.5150844365177625,nan,nan,1.577349938961944,-0.6014820138316259,249,155,60.0,31.0,0.0,31.0,9.0,137.0,6.0,1.0,9.0,314.0,0.0,8.0,122.0,137.0,0.0,7.0,64.0,0.0,60.0,10.0,5.0,5.0,3.0,157.0,123.0,2.0,0.0,3.0,0.0,0.0
69,"Aurora, CO",Aurora,CO,42.5,35.2,53.3,325078,398994.0,103640.0,3.8498070243149365,Low,275936.0,0.4459657311840427,Medium Fast,10409,0.7560764722836008,0.24392352771639927,116,0.10043419529139329,0.8747519841269841,0.8777490621092122,0.9065238234190671,0.8703290574456218,0.8901808785529716,0.8767632146980573,0.9210031347962383,0.8703290574456218,0.8922814658014366,0.8495839768820687,0.8772132966661842,0.8778504225801308,0.8457943011362525,0.8841402275800532,0.8798420524455692,0.8336121187061852,-0.2778460023118742,0.49143152234641496,-0.2546240743875884,-0.2333983618043154,0.23041780426687497,nan,0.0059415093773049765,nan,nan,0.678521105073044,-0.42843305722070024,74,64,49.0,18.0,9.0,9.0,17.0,66.0,0.0,1.0,3.0,89.0,0.0,3.0,56.0,84.0,3.0,6.0,13.0,0.0,26.0,2.0,3.0,10.0,2.0,170.0,32.0,24.0,0.0,5.0,0.0,0.0
70,"Charlotte/Mecklenburg, NC",Charlotte,NC,26.4,27.4,31.3,731424,1164981.0,331778.0,3.5113268510871727,Low,695454.0,0.6751373922646214,Very Fast,22655.77,0.4517582055255681,0.548241794474432,287,0.06828593215945603,,,,,,,,,,,,,,,,,,,,,,,,,,,,351,253,178.0,59.0,12.0,47.0,39.0,340.0,35.0,1.52,37.0,816.0,0.0,11.0,22.0,419.0,2.0,31.0,117.0,1.0,4.0,2.0,11.0,9.0,13.0,238.60000000000002,65.8,8.0,2.0,1.0,0.0,0.0
71,"Raleigh, NC",Raleigh,NC,31.3,29.4,39.3,403892,480766.0,95006.0,5.06037513420205,Medium-Low,276579.0,0.7382592315396325,Very Fast,11804,0.8158251440189767,0.18417485598102337,167,0.1242447845399238,0.4776294496699018,0.4668961999489926,0.4353637335119703,0.4162025987801644,0.4463902787705504,0.46504829026363875,0.48314606741573035,0.4162025987801644,0.45274971048700063,0.4997387310580017,0.5123960752003596,0.4597982421094686,0.47567511181233785,0.4546843655298988,0.4804340655716076,0.5078729738670195,-0.2212962019204664,0.06424712168504909,0.19780665414836607,-0.4414511143927349,-0.2424466644143326,nan,-0.009411837271979806,nan,nan,-0.01214022502373091,-0.11398203585508482,80,255,110.0,38.0,2.0,36.0,32.0,243.0,4.0,0.0,1.0,0.0,25.0,8.0,226.0,117.0,1.0,37.0,103.0,1.0,0.0,1.0,6.0,8.0,3.0,130.5,106.5,31.0,4.0,4.0,0.0,0.0
72,"Greensboro, NC",Greensboro,NC,29.4,,32.2,269666,303787.0,83927.0,3.6196575595457956,Low,223299.0,0.36044944222768577,Medium Fast,8794.9,0.7104242231293135,0.2895757768706864,540,0.10479225994018611,0.6357639327688613,0.6739882817822591,0.6510180398776242,0.5950223089793641,0.6490618485059069,0.6210602366115777,0.65,0.5950223089793641,0.659279329071947,0.600287751556392,0.6819589624467673,0.6163296368775821,0.5631707730697483,0.6494815204832317,0.6312971968049996,0.6313220838417091,0.068150417516881,0.9497007843183389,0.28244739006775,-0.30399480356463315,0.08694653016228604,nan,-0.24588466535416786,nan,nan,1.077217900278928,0.017442261660910896,61,,83.0,18.0,5.0,13.0,21.0,46.0,0.0,0.0,5.0,86.0,0.0,3.0,37.0,108.0,0.0,12.0,37.0,6.0,0.0,2.0,3.0,5.0,2.0,0.0,0.0,0.0,0.0,6.0,0.0,0.0
73,"Durham, NC",Durham,NC,30.3,27.5,37.6,228330,296031.0,73779.0,4.012401902980523,Medium-Low,187183.0,0.5815057991377423,Very Fast,2755,0.9023593466424682,0.09764065335753176,70,0.03734124886485314,0.4976032915471691,0.5319688165515115,0.53558541744432,0.4192747745020885,0.5209217707701638,0.475570583262891,0.5753424657534246,0.4192747745020885,0.518805800211295,0.4634195830723492,0.5594958526338468,0.47753381508245324,0.4253731343283582,0.5148616971401782,0.4934104718881564,0.4842191207613604,0.143848021885423,-0.027773508323240437,0.143848021885423,-0.1362328170303242,-0.35762642261102806,nan,-0.23678546209280404,nan,nan,3.1522776234299323,0.24261859799823693,,,76.0,20.0,0.0,20.0,9.0,115.0,0.0,0.0,1.0,2.0,0.0,4.0,68.0,57.0,0.0,10.0,84.0,0.0,0.0,1.0,4.0,5.0,4.0,33.0,0.0,0.0,0.0,4.0,0.0,0.0
74,"Milwaukee, WI",Milwaukee,WI,61.5,48.7,57.6,594833,576366.0,59032.0,9.763619731670959,Medium-High,596956.0,-0.034491654326282005,Limited or Decline,5591.039999999999,0.48407988495879123,0.5159201150412088,238,0.09471202059899714,0.9096371952912433,0.9055456089611165,0.9343735071316454,0.8889985849211834,0.908888180949347,0.8989227166276347,0.9030303030303031,0.8889985849211834,0.912631404579569,0.903129689640923,0.9203380055665605,0.9016850585122864,0.9028076293983265,0.9101798252914378,0.913285064334346,0.8907759513875276,-0.3518558351281875,0.535093238279045,-0.411397772625144,0.022764262030275928,0.075005100808891,nan,0.26566725504578104,nan,nan,0.8163131903807159,-0.4520518824281281,216,320,155.0,18.0,18.0,0.0,38.0,233.0,281.0,3.0,6.0,1109.0,0.0,3.0,172.0,280.0,4.0,27.0,131.0,0.0,3.0,0.0,15.0,22.0,4.0,63.89,30.4,18.0,2.0,28.0,3.4,0.0
75,"Madison, WI",Madison,WI,49.7,34.9,65.5,233209,277146.0,51224.0,5.410471653912229,Medium-Low,207525.0,0.33548247199132636,Medium Fast,7144.7,0.23257799487732167,0.7674220051226783,293,0.13947954084023115,0.9540207454553642,0.9408902691511387,0.9476499326145552,0.9588218927620334,0.9515996718621821,0.9558515994113547,0.916083916083916,0.9588218927620334,0.9507573936042318,0.9555017240626773,0.9582666132906325,0.9494680148903029,0.9521274078281036,0.9517748524738993,0.9572194337230916,0.941405259152786,-0.48877957001506556,0.6470798183250119,0.46017501257318805,0.48783394513604894,-0.2373845888317737,nan,0.044587085358426926,nan,nan,0.38741949741636805,0.40034908327443697,168,297,92.0,43.0,37.0,6.0,33.0,256.0,10.0,0.25,12.0,815.0,9.0,11.0,185.0,190.0,0.0,4.0,71.0,3.0,33.0,2.0,3.0,1.0,2.0,63.0,24.0,2.0,0.0,1.0,0.69,0.69
76,"Newark, NJ",Newark,NJ,75.9,65.0,51.1,277140,315285.0,13940.0,22.61728837876614,High,273546.0,0.1525849400100897,Medium Slow,851,0,1,99,0.061047345767575326,0.9369197281329129,0.9092818200175001,0.9680933784904617,0.968781674437462,0.9705030287068739,0.9574629699962021,0.9838709677419355,0.968781674437462,0.9375146235049616,0.92975661461943,0.9640807972351777,0.9548965292488186,0.9451979103877838,0.9594758110545422,0.9246073572983036,0.9467017467722686,0.22994618530044098,-0.07585501699191188,-0.13406080118651809,1.631154850805057,nan,-0.057554654686986395,-0.17060977775252884,nan,nan,-0.17060977775252884,0.013759452511457049,66,87,41.0,10.0,4.0,6.0,7.0,80.0,0.0,0.0,1.0,101.0,7.0,1.0,10.0,32.0,2.0,16.0,31.0,5.0,22.0,1.0,8.0,6.0,0.0,45.5,0.0,7.0,0.0,6.0,0.0,0.0
77,"Jersey City, NJ",Jersey City,NJ,86.6,70.5,63.9,247597,304261.0,9231.0,32.96078431372549,High,240055.0,0.267463706233988,Medium Fast,1090.5,0.41632278771205866,0.5836772122879413,76,0.11813454663633409,0.9799739049889279,0.9849974602713881,0.9852858025746558,0.9739012813854905,0.9751074903824395,0.9737887212073074,1.0,0.9739012813854905,0.9803943809440712,0.9786758168481885,0.9857900318133617,0.9809984453273449,0.9767011182052276,0.9784464074854641,0.9805912471731728,0.9794606133180611,0.08972987147329303,0.09810100406132705,0.08732753885701805,0.23311289379201905,-0.49034526430756087,nan,-0.0839681598254467,nan,nan,0.1268369181506721,0.12825267609733193,,,27.0,0.0,0.0,0.0,1.0,75.0,0.0,1.0,0.0,0.0,0.0,6.0,0.0,35.0,0.0,13.0,19.0,0.0,0.0,2.0,11.0,3.0,0.0,13.0,0.0,0.0,0.0,12.0,0.0,0.0
78,"Minneapolis, MN",Minneapolis,MN,71.4,55.0,83.5,382578,439124.0,33953.0,12.933290136364976,High,382452.0,0.14818068672670034,Medium Slow,5078,0.10555336746750689,0.8944466325324931,173,0.1495596854475304,0.983305281042953,0.9884981728868388,0.9853326003298516,0.9629324869715137,0.9829977628635347,0.9831826781585032,0.9824561403508771,0.9629324869715137,0.9833318094049687,0.9832042313328777,0.9842546611555503,0.9823545043847993,0.9876355112803985,0.9833050856058376,0.9828031732986007,0.9857849196538937,-0.3159869188984088,0.927216272590752,-0.11839548104142561,-0.48536206842523355,0.03545475654695207,nan,0.02232922385158509,nan,nan,0.952302122416026,-0.21452457633056188,223,335,119.0,50.0,25.0,25.0,48.0,319.0,74.0,12.0,26.0,162.0,26.0,7.0,165.0,171.0,0.0,49.0,100.0,0.0,152.0,7.0,19.0,4.0,3.0,190.0,50.0,0.0,0.0,2.0,0.0,0.0
79,"St. Paul, MN",St. Paul,MN,60.4,46.4,64.0,285068,314825.0,32338.0,9.735450553528358,Medium-High,287151.0,0.09637438142301437,Limited or Decline,4972.96,0.6415615649432129,0.3584384350567871,191,0.15378069144659534,0.9933060747292407,0.9943048897411314,0.9948096317466575,0.9945347143815555,0.9962049335863378,0.9928814002089864,0.9914529914529915,0.9945347143815555,0.9943690512741787,0.9921012618234237,0.9943336505898758,0.9930911287992225,0.9926530821216465,0.9935816988776938,0.9933476958646419,0.9926924963217263,-0.20356557482524273,0.269294249194612,-0.13339687699114,-0.10140561048442431,-0.2921089616471555,nan,-0.07745552086598817,nan,nan,-0.04202559560882724,-0.3334367329942748,229,137,79.0,48.0,17.0,31.0,35.0,246.0,448.0,1.0,47.0,1150.0,28.0,7.0,133.0,125.0,10.0,26.0,101.0,1.0,18.0,6.0,4.0,4.0,2.0,133.0,0.0,8.0,3.0,2.0,0.0,-0.01
80,"Memphis, TN",Memphis,TN,35.0,22.2,41.2,646889,631187.0,184089.0,3.428705680404587,Low,649845.0,-0.028711461964006802,Limited or Decline,11162.95,0.1446696437769586,0.8553303562230413,203,0.06063887576118074,0.45578728723854345,0.4678829931129903,0.3715655420940206,0.4181045694962282,0.42597821702299316,0.46265335578542216,0.42142857142857143,0.4181045694962282,0.45402800005827276,0.4615927868627653,0.5099846070641095,0.4369803583261443,0.4404381031012952,0.44915146411065804,0.457936036175416,0.45907093939785504,-0.11407124677337843,0.02804702544513793,0.07839098670078304,-0.5203839966405457,nan,nan,-0.4117011192868387,nan,nan,0.38158363591006905,0.22223339899599903,99,7,81.0,0.0,0.0,0.0,6.0,163.0,6.0,2.0,2.0,6.0,0.0,6.0,13.0,112.0,6.0,35.0,48.0,0.0,48.0,2.0,8.0,18.0,1.0,90.5,4.5,69.0,2.0,6.0,1.0,1.0
81,"Nashville/Davidson, TN",Nashville,TN,28.8,21.7,29.7,601222,714169.0,299313.0,2.386027335932619,Low,545549.0,0.30908314376893736,Medium Fast,26199,0.7056376197564792,0.29436238024352074,309,0.08753044471840515,,,,,,,,,,,,,,,,,,,,,,,,,,,,230,68,107.0,26.0,0.0,26.0,33.0,269.0,0.0,5.0,3.0,0.0,0.0,10.0,0.0,164.0,10.0,27.0,65.0,0.0,13.0,2.0,4.0,10.0,5.0,131.5,100.0,35.0,0.0,8.0,0.0,0.0
82,"Des Moines, IA",Des Moines,IA,45.0,30.1,39.4,203433,218206.0,55103.0,3.959965882075386,Medium-Low,198688.0,0.098234417780641,Limited or Decline,,,,,,,,,,,,,,,,,,,,,,,,,,,,,,,,,76,91,56.0,45.0,40.0,5.0,32.0,52.0,16.0,1.25,3.0,239.0,1.0,4.0,62.0,71.0,2.0,15.0,56.0,0.0,4.0,3.0,24.0,5.0,4.0,120.4,105.7,21.0,3.0,4.0,0.0,0.0
83,"Louisville, KY",Louisville,KY,34.3,27.3,43.3,597337,642889.0,204501.0,3.1436961188453845,Low,597337.0,0.07625846046703955,Limited or Decline,17922,0.6345273964959268,0.3654726035040732,133,0.08763771326301582,0.3749232871051406,0.5199282275828362,0.2836798797525678,0.28798784031472124,0.42149272220501705,0.3795111769458659,0.2769857433808554,0.28798784031472124,0.43428159884767736,0.33563598907434267,0.490384439610259,0.3721464245393138,0.3037090110544534,0.3643899651335264,0.3840337238010191,0.35853939301999765,0.1099502995287549,0.20734581342594205,0.0803996415009931,-0.3931009046602114,-0.20193272630137227,nan,-0.1351692241099507,nan,nan,2.042917371714195,-0.09113961558012385,,,147.0,45.0,0.0,45.0,2.0,174.0,0.0,0.0,9.0,560.0,0.0,8.0,141.0,209.0,6.0,18.0,218.0,0.0,15.0,0.0,39.0,5.0,3.0,38.0,125.0,4.0,0.0,3.0,0.0,0.0
84,"Lexington/Fayette, KY",Lexington,KY,34.3,26.6,45.7,295803,327130.0,181022.0,1.8071284153307332,Low,260512.0,0.25571950620316913,Medium Fast,4447.4,0.4090884561766426,0.5909115438233575,104,0.0245682845179039,,,,,,,,,,,,,,,,,,,,,,,,,,,,127,76,53.0,15.0,2.0,13.0,7.0,111.0,21.0,0.0,8.0,0.0,4.0,7.0,146.0,104.0,1.0,10.0,44.0,0.0,30.0,4.0,4.0,6.0,4.0,72.03,15.39,27.0,0.0,5.0,0.0,0.0
85,"Honolulu, HI",Honolulu,HI,65.7,56.3,51.0,337256,1020829.0,377784.0,2.702149905766258,Low,875784.0,0.1656173211659496,Medium Slow,64795,0.9078323944748823,0.09216760552511769,450,0.17151335154479808,0.7235591133246789,0.5193179476612405,0.6482077051926298,0.7891686946544402,0.6469868461303151,0.7142320839343226,0.7482037950586453,0.7891686946544402,0.744667165631492,0.620137299771167,0.7957613696357191,0.7452775934527759,0.7225960058548966,0.6834147643726137,0.7205714937216351,0.7812259277138133,0.06371553805786889,0.059057576401365,nan,-0.3757168561828669,-0.30831300491678326,nan,-0.05648472335149535,0.09288392395775591,nan,0.04369687279617107,-0.28843748142936143,356,585,202.0,173.0,26.0,147.0,186.0,371.0,4.0,0.0,11.0,1229.0,0.0,8.0,261.0,156.0,0.0,82.0,241.0,0.0,16.0,13.0,0.0,21.0,1.0,13.0,2.0,0.0,0.0,13.0,0.0,0.0
86,"Las Vegas, NV",Las Vegas,NV,42.0,35.5,46.5,583756,649600.0,90785.0,7.155367076058821,Medium-High,478434.0,0.3577630352357901,Medium Fast,16010,0.8410993129294191,0.1589006870705809,286,0.17635071873106792,0.7362509861422116,0.7371635783815758,0.7696449010159816,0.7368006851376062,0.7362214816713664,0.7274730440403091,0.7386801541425819,0.7368006851376062,0.7544043646379576,0.70878755862908,0.7400406413291054,0.7283467438072782,0.7165660051768766,0.7574863374341826,0.7408590650901135,0.6855992844364938,-0.24405002873819726,0.3911178699552249,-0.11763202408950402,-0.11882620830878687,0.17647107304598508,nan,0.19937794210414395,nan,nan,0.018997388528573023,0.12596353917512904,,,59.0,26.0,0.0,26.0,29.0,99.0,932.0,0.0,7.0,124.0,0.0,25.0,252.0,906.0,0.0,23.0,102.0,0.0,0.0,13.0,34.0,17.0,2.0,150.0,0.0,0.0,0.0,0.0,0.0,0.0
87,"Las Vegas, NV",Las Vegas,NV,42.0,35.5,46.5,583756,649600.0,90785.0,7.155367076058821,Medium-High,478434.0,0.3577630352357901,Medium Fast,16010,0.8410993129294191,0.1589006870705809,286,0.17635071873106792,0.7362509861422116,0.7371635783815758,0.7696449010159816,0.7368006851376062,0.7362214816713664,0.7274730440403091,0.7386801541425819,0.7368006851376062,0.7544043646379576,0.70878755862908,0.7400406413291054,0.7283467438072782,0.7165660051768766,0.7574863374341826,0.7408590650901135,0.6855992844364938,-0.24405002873819726,0.3911178699552249,-0.11763202408950402,-0.11882620830878687,0.17647107304598508,nan,0.19937794210414395,nan,nan,0.018997388528573023,0.12596353917512904,,,59.0,26.0,0.0,26.0,29.0,99.0,932.0,0.0,7.0,124.0,0.0,25.0,252.0,906.0,0.0,23.0,102.0,0.0,0.0,13.0,34.0,17.0,2.0,150.0,0.0,0.0,0.0,0.0,0.0,0.0
88,"Henderson, NV",Henderson,NV,30.0,24.6,43.5,257729,331701.0,67195.0,4.936394076940249,Medium-Low,176048.0,0.884150913387258,Very Fast,5504,0.7569040697674418,0.24309593023255813,71,0.08191085646253442,0.7510137293894931,0.7599369085173502,0.7669204532596221,0.728125397431006,0.7578947368421053,0.7621853729843314,0.7720033528918693,0.728125397431006,0.7567771716323961,0.7467213413712791,0.7452393664353087,0.7567207878626564,0.7378797464268654,0.7723987291501191,0.7620136232154521,0.6947232211372083,-0.10540227329432073,-0.13818028909322844,-0.18606953670414073,-0.07933203891335483,-0.32104132926308093,nan,-0.21620770379152443,nan,nan,0.25949546725055406,-0.12921500231826144,,150,56.0,31.0,19.0,12.0,30.0,287.0,0.0,0.0,1.0,0.0,0.0,17.0,225.0,91.0,0.0,8.0,81.0,0.0,0.0,7.0,19.0,13.0,0.0,308.0,0.0,34.0,0.0,5.0,0.0,0.0
89,"Reno, NV",Reno,NV,40.2,24.2,52.0,225221,273593.0,66234.0,4.130703264184557,Medium-Low,180658.0,0.5144250462199293,Very Fast,3390,0.763716814159292,0.23628318584070795,87,0.051182172298215416,0.7587699189264747,0.7693384223918575,0.7642754683628671,0.7641509433962265,0.7877770315648086,0.7705782888062225,0.7906735751295336,0.7641509433962265,0.7664253127808115,0.7528908175572919,0.8025263614431705,0.7448364199178097,0.7444878926401204,0.7585350713842334,0.7630807136469662,0.7428801021011084,-0.4802899282705059,0.24767881999867902,-0.4802899282705059,-0.5750780673922522,-0.15876518272362228,nan,-0.5194242742237742,nan,nan,1.141775569875036,-0.5655409650074827,78,,52.0,20.0,0.0,20.0,0.0,95.0,0.0,0.0,3.0,86.0,0.0,5.0,73.0,77.0,0.0,4.0,59.0,0.0,0.0,9.0,8.0,4.0,1.0,78.0,0.0,0.0,0.0,16.0,0.0,0.0
90,"Las Vegas, NV",North Las Vegas,NV,33.7,33.3,48.5,216961,649600.0,90785.0,7.155367076058821,Medium-High,478434.0,0.3577630352357901,Medium Fast,16010,0.8410993129294191,0.1589006870705809,286,0.17635071873106792,0.7362509861422116,0.7371635783815758,0.7696449010159816,0.7368006851376062,0.7362214816713664,0.7274730440403091,0.7386801541425819,0.7368006851376062,0.7544043646379576,0.70878755862908,0.7400406413291054,0.7283467438072782,0.7165660051768766,0.7574863374341826,0.7408590650901135,0.6855992844364938,-0.24405002873819726,0.3911178699552249,-0.11763202408950402,-0.11882620830878687,0.17647107304598508,nan,0.19937794210414395,nan,nan,0.018997388528573023,0.12596353917512904,,,59.0,26.0,0.0,26.0,29.0,99.0,932.0,0.0,7.0,124.0,0.0,25.0,252.0,906.0,0.0,23.0,102.0,0.0,0.0,13.0,34.0,17.0,2.0,150.0,0.0,0.0,0.0,0.0,0.0,0.0
91,"Las Vegas, NV",North Las Vegas,NV,33.7,33.3,48.5,216961,649600.0,90785.0,7.155367076058821,Medium-High,478434.0,0.3577630352357901,Medium Fast,16010,0.8410993129294191,0.1589006870705809,286,0.17635071873106792,0.7362509861422116,0.7371635783815758,0.7696449010159816,0.7368006851376062,0.7362214816713664,0.7274730440403091,0.7386801541425819,0.7368006851376062,0.7544043646379576,0.70878755862908,0.7400406413291054,0.7283467438072782,0.7165660051768766,0.7574863374341826,0.7408590650901135,0.6855992844364938,-0.24405002873819726,0.3911178699552249,-0.11763202408950402,-0.11882620830878687,0.17647107304598508,nan,0.19937794210414395,nan,nan,0.018997388528573023,0.12596353917512904,,,59.0,26.0,0.0,26.0,29.0,99.0,932.0,0.0,7.0,124.0,0.0,25.0,252.0,906.0,0.0,23.0,102.0,0.0,0.0,13.0,34.0,17.0,2.0,150.0,0.0,0.0,0.0,0.0,0.0,0.0
92,"North Las Vegas, NV",North Las Vegas,NV,33.7,33.3,48.5,216961,276199.0,64896.0,4.256025024654832,Medium-Low,115489.0,1.3915611010572435,Very Fast,16705,0.9639030230469919,0.03609697695300808,35,0.257411858974359,0.5949731910774685,0.5806891443769253,0.6529479275095418,0.528065364597907,0.5397435897435897,0.5432290261667116,0.5409107737874861,0.528065364597907,0.6114766378327313,0.54279503668146,0.6359614254605787,0.570482128938871,0.5419074786059779,0.6113476348283466,0.5934711723273993,0.5543933054393305,-0.5125790573954752,-0.06875649754567259,-0.6320670788198428,-0.5786011611360107,-0.006125924262241789,nan,-0.13047482898075635,nan,nan,-0.3950499980101807,0.13791037586883803,35,50,17.0,3.0,3.0,0.0,11.0,172.0,0.0,0.0,1.0,37.0,1.0,4.0,80.0,50.0,2.0,4.0,24.0,0.0,0.0,1.0,4.0,3.0,1.0,13.0,0.0,34.0,0.0,4.0,0.0,0.0
93,"Philadelphia, PA",Philadelphia,PA,74.8,67.0,66.7,1526006,1619078.0,83194.0,19.461475587181766,High,1517550.0,0.06690257322658232,Limited or Decline,10796.6,0.6279476872348702,0.37205231276512973,423,0.12977618578262856,0.9520632258423872,0.9632008616257022,0.9651582810700645,0.9343143763369477,0.9499622197968265,0.9478558199173671,0.9775474956822107,0.9343143763369477,0.958996399880904,0.9386502733529419,0.955592411821384,0.9476352813852814,0.9513069564103971,0.9570388715744783,0.9544927646150266,0.9353061256413465,-0.24141195606054566,0.44013983199168294,-0.020198621543607076,-0.3350964825234052,-0.29320547445975376,nan,-0.0006491328547679753,nan,nan,0.44087277209920095,0.008376926966783937,688,725,271.0,19.0,0.0,19.0,0.0,766.0,0.0,0.0,18.0,792.0,7.0,9.0,140.0,259.0,52.0,191.0,348.0,0.0,0.0,5.0,105.0,72.0,1.0,87.6,158.6,28.0,0.0,27.0,58.1,51.2
94,"Pittsburgh, PA",Pittsburgh,PA,62.4,55.2,54.9,305704,305298.0,35353.0,8.635702769213362,Medium-High,334563.0,-0.08747231463132504,Limited or Decline,4975,0.8034170854271356,0.1965829145728643,162,0.14072355952818713,0.9199744463373082,0.9137782953635636,0.9316480957924497,0.9030178728391445,0.9207832665776591,0.9172283066554339,0.9574468085106383,0.9030178728391445,0.9144038629041124,0.9234829483771946,0.9174917491749175,0.9188764903050617,0.9330255286276341,0.9133074913906404,0.9236527495816481,0.9144115218787268,-0.20508151865405333,0.33574067818101994,-0.15814779410533897,0.14667395447577403,-0.33308590420476025,nan,0.22511684645193397,nan,nan,0.7448935477824179,-0.24935811185108292,103,236,69.0,15.0,0.0,15.0,5.0,226.0,0.0,0.0,7.0,215.0,13.0,7.0,190.0,120.0,5.0,28.0,88.0,0.0,22.0,3.0,30.0,24.0,2.0,40.0,167.0,10.0,0.0,29.0,0.0,0.0
95,"Omaha, NE",Omaha,NE,48.2,24.0,41.7,408958,497645.0,88886.0,5.598688207366739,Medium-Low,390112.0,0.2756464810105816,Medium Fast,10336,0.576625386996904,0.423374613003096,259,0.11628377922282475,0.8166115473179189,0.8029658889298028,0.859512534102023,0.7965927574693947,0.830791229742612,0.8182258419546555,0.8188976377952756,0.7965927574693947,0.8280649816430041,0.8095536018448154,0.8097615006185448,0.8169497650885436,0.8133569118157297,0.8271567204095668,0.8178183835511945,0.7933399549017502,-0.30753220344199717,0.6499800636319819,-0.11097085543192609,-0.17806474644728865,-0.18754770749678473,nan,-0.2881950261241286,nan,nan,0.32572547688865594,0.058279960855134094,238,293,185.0,71.0,31.0,40.0,19.0,337.0,0.0,0.0,4.0,50.0,17.0,4.0,0.0,195.0,3.0,17.0,57.0,0.0,2.0,4.0,12.0,18.0,4.0,712.0,28.0,127.0,2.0,3.0,0.0,0.0
96,"Lincoln, NE",Lincoln,NE,44.1,24.3,58.5,258379,297371.0,60213.0,4.938651121850763,Medium-Low,225442.0,0.3190576733705343,Medium Fast,3808.12,0.16023654716763125,0.8397634528323688,148,0.06324414993439954,0.8970082669535627,0.887115165336374,0.9211702722120221,0.8674858362151424,0.9249812453113279,0.9113673079747393,0.9367088607594937,0.8674858362151424,0.9020300345879365,0.8954006926862113,0.9180612056213018,0.904722960539767,0.8822899717393166,0.9016291591881817,0.8950514055562753,0.896974197141266,-0.08268243369631878,0.30670705937115406,-0.047284680605095164,-0.047284680605095164,-0.1897650189468837,nan,0.08404823049222698,nan,nan,0.4433474789264249,-0.10737297308758298,82,127,59.0,51.0,41.0,10.0,31.0,98.0,166.0,0.0,5.0,66.0,2.0,4.0,108.0,133.0,0.0,11.0,26.0,0.0,39.0,2.0,2.0,9.0,4.0,174.82,7.76,54.0,0.0,9.0,0.0,0.0
97,"Wichita, KS",Wichita,KS,34.8,19.7,43.9,382368,399769.0,101231.0,3.9490768638065417,Low,343997.0,0.16212932089524038,Medium Slow,4327,0.1823434250057777,0.8176565749942223,129,0.04274382353231718,0.5233930500185273,0.6302126216883809,0.6318056153707229,0.41224511871923847,0.5371642723297939,0.523936170212766,0.5966587112171837,0.41224511871923847,0.5879693997792894,0.476317235928209,0.6381457840254369,0.5574494949494949,0.4442769298527942,0.5312700618023284,0.52156101169834,0.5161947375450782,0.09456981538837805,-0.20622276958688013,0.10282369181330409,0.682097791342801,-0.2855455100334132,nan,0.09304386069218507,nan,nan,0.13275597039113696,0.842258849063068,211,177,70.0,30.0,6.0,24.0,0.0,121.0,0.0,0.0,1.0,1.0,0.0,5.0,0.0,87.0,0.0,9.0,69.0,0.0,2.0,4.0,11.0,6.0,7.0,88.53,12.26,8.0,0.0,15.0,0.0,0.0
98,"Anchorage, AK",Anchorage,AK,30.9,21.6,51.8,291826,290509.0,1087624.0,0.26710425661809595,Low,260283.0,0.11612744589542921,Medium Slow,871794.8,0.9972275585952107,0.002772441404789292,246,0.8015589946525637,0.7555034532146226,0.7908010787958306,0.747721403615373,0.8231496176597893,0.7587238285144566,0.7787043978010995,0.8752346142447891,0.8231496176597893,0.7982343833740249,0.7187183724713991,0.8194747257907624,0.787887467379543,0.7308300724336025,0.7394240210914276,0.756652651262786,0.7818458174448681,-0.35660406402945355,0.233400653502162,-0.017599425610013153,-0.30937733486786967,-0.4068267040002729,nan,-0.3793948532977466,-0.24632817717727318,-0.18278948381150828,0.515446305234482,-0.242514800004637,122,6,34.0,10.0,0.0,10.0,10.0,51.0,6.0,1.0,5.0,242.0,0.0,8.0,0.0,90.0,0.0,3.0,40.0,5.0,0.0,5.0,0.0,5.0,2.0,135.0,0.0,0.0,0.0,2.0,0.0,0.0
99,"Boise, ID",Boise City,ID,38.5,22.6,62.3,205671,240861.0,52046.0,4.627848441763056,Medium-Low,185937.0,0.29539037415898933,Medium Fast,4227,0.5739295008280104,0.4260704991719896,147,0.08121661607039926,0.701237397856309,0.6871823828345568,0.6525245284709467,0.6961359745659086,0.7142857142857143,0.7084301875096854,0.6870451237263464,0.6961359745659086,0.6800622394682752,0.7072092934554589,0.7453472679910869,0.6932464058843196,0.7038341239099364,0.6821590867107548,0.7116313507033811,0.6900580368407772,0.206330549746226,1.771331442359028,0.002940811510981023,-0.4893834809026457,-0.2721297624681689,nan,0.766957846667967,nan,nan,1.847377407436714,-0.2532869530982751,118,177,80.0,34.0,12.0,22.0,10.0,56.0,162.0,1.0,5.0,115.0,2.0,18.0,138.0,83.0,0.0,7.0,79.0,0.0,6.0,4.0,6.0,7.0,2.0,34.1,49.0,0.0,0.0,4.0,0.13,0.0
100,"Albuquerque, NM",Albuquerque,NM,42.6,28.6,60.9,545852,567242.0,113711.0,4.988453183948782,Medium-Low,448627.0,0.2643955892088528,Medium Fast,22157,0.8502504851739856,0.14974951482601434,300,0.19485362014229055,0.905035307015962,0.8996966019417476,0.9011183406345615,0.8978146950607648,0.9129098360655737,0.9108214890451024,0.8959183673469387,0.8978146950607648,0.9011413211376832,0.9114813462942329,0.8943655589123867,0.9100918211188573,0.9148753750995162,0.9037146187512372,0.9063925613386653,0.9020902451576169,-0.17514311028393326,0.6108250376106541,-0.059129906456573345,-0.16606752026905514,-0.1616966530673546,nan,-0.21122923317755116,nan,-0.18147784360788544,0.11645310720311408,-0.1477815508837761,,,152.0,24.0,0.0,24.0,0.0,280.0,0.0,0.0,3.0,0.0,0.0,14.0,0.0,183.0,0.0,31.0,73.0,0.0,0.0,6.0,4.0,12.0,3.0,160.0,0.0,0.0,0.0,20.0,0.0,0.0
101,"Washington, DC",Washington D.C.,DC,76.7,68.7,69.5,601723,706367.0,39004.0,18.110116911086042,High,572059.0,0.2347799789881813,Medium Fast,9296.21,0.4757519462232458,0.5242480537767543,501,0.2383399138549892,0.9881843631358947,0.9840384143563142,0.9912072540154373,0.9943888471105455,0.9911212582445459,0.9864354725190351,0.9694444444444444,0.9943888471105455,0.9863988095238095,0.9910877308509684,0.9885680907877169,0.991601116761854,0.9947029120718777,0.9834962971534367,0.9895240985027254,0.9885046798395484,0.44688368228974795,0.352152006576673,0.652716927901821,-0.46106986177007714,-0.187387448249146,nan,-0.24395130168772816,nan,nan,0.3214050400148929,0.5171356667786,127,274,206.0,58.0,53.0,5.0,33.0,487.0,22.0,0.0,55.0,2271.0,36.0,19.0,229.0,141.0,3.0,69.0,194.0,4.0,1.0,6.0,37.0,33.0,0.0,1649.05,6.1,25.0,3.0,39.0,0.0,0.0
